OP;MARCA;ARTICULO;DESCRIPCION;RUBRO;STOCK_TXT;PVC;IVA;II;MKUP;PVL;OFF_PVC;OFF_PVL;IMAGEN_URL_1;IMAGEN_URL_2;IMAGEN_URL_3;IMAGEN_URL_4;IMAGEN_URL_5;NUEVO_INGRESO;CONDICION
5585;SENNHEISER;A 1031-U;Antena receptora/transmisora | Pasiva | Omnidireccional | Conector BNC | Rosca de montaje de 3/88” | Rango de frecuencia 450 a 960 MHz 1 c: Negra ;Accesorios de Sonido;>10;501365.81;0.105;0;0.3;720211.983;0;0;https://todomusica.com.ar/30610-large_default/img.jpg;https://todomusica.com.ar/30610-large_default/img.jpg;0;0;0;;
5585;SENNHEISER;A 5000-CP;Antena receptora/transmisora | Pasiva | Direccional | Tipo Domo | Polarizada circularmente | Rango Frec 450 a 960 MHz | p/ Microf Inalambr / Ssit Monitoreo | c: Negro;Accesorios de Sonido;<10;2145471.15;0.105;0;0.3;3081969.313;0;0;https://todomusica.com.ar/30611-large_default/img.jpg;https://todomusica.com.ar/30611-large_default/img.jpg;0;0;0;;
5585;SENNHEISER;AC 3200-II;Combinador de antena | Activo de alta potencia | 8:1 | p/Microf o Monitoreo Inalalm |  Potencia de entrada máxima de 250 mW | Rango Frec  500 a 870 MHz | 1U rack;Accesorios de Sonido;<10;8452710.07;0.21;0;0.3;13296112.94;0;0;https://todomusica.com.ar/30603-large_default/img.jpg;https://todomusica.com.ar/30603-large_default/img.jpg; https://todomusica.com.ar/30604-large_default/img.jpg;0;0;;
5585;SENNHEISER;AC 41-EU;Combinador de antena | para IEM  G 4 | Activo | 4:1 | Distrib  alimentación de CC  | c/ Fuente de alimentación NT 3-1-US | (4) Cables BNC;Accesorios de Sonido;>10;2012331.27;0.21;0;0.3;3165397.087;0;0;https://todomusica.com.ar/30602-large_default/img.jpg;https://todomusica.com.ar/30601-large_default/img.jpg; https://todomusica.com.ar/30602-large_default/img.jpg;0;0;;
5585;SENNHEISER;ACA 3;Combinador de antena Activo  | 2 x 4:1 | Comp c/todos los recept inalámbr de Microf  fijos,  analóg/digitales | Rango Frec 470 a 798 MHz | ncluye:  (3) cables de alimentación (UE, UK, US) | 1 u Rack;Accesorios de Sonido;<10;8444489.89;0.21;0;0.3;13283182.6;0;0;https://todomusica.com.ar/30607-large_default/img.jpg;https://todomusica.com.ar/30607-large_default/img.jpg; https://todomusica.com.ar/30608-large_default/img.jpg;0;0;;
5585;SENNHEISER;ADP UHF (470 - 1075 MHZ);Antena de paleta externa ranulada | Pasiva | Direccional | p/Sistemas EW-D /EW-G4 |  Rango UHF (470 - 1075 MHz) | imp 50oH | c: Negra;Accesorios de Sonido;>10;801116.81;0.105;0;0.3;1150804.294;0;0;https://todomusica.com.ar/30609-large_default/img.jpg;https://todomusica.com.ar/30609-large_default/img.jpg;0;0;0;;
5585;SENNHEISER;AVX ME2/835 SET-4;Sistema digital inalámbrico | p/Camara | Combinado | Mano: ME2/835 | Corbatero / solapa omnidireccional ME 2  | ;Microfonos;<10;2744642.06;0.21;0;0.3;4317321.963;0;0;;;;;;;
5585;SENNHEISER;AVX-ME2 SET-4;Sistema digital inalámbrico | p/Camara | Combinado | Mano: ME2/835 | Corbatero / solapa omnidireccional ME 2  | ;Microfonos;<10;1943470.01;0.21;0;0.3;3057078.322;0;0;;;;;;;
5585;SENNHEISER;AVX-MKE2 SET-4;Sistema digital inalámbrico | p/Camara | Corbatero / solapa omnidireccional ME 2  | ;Microfonos;<10;2515752.11;0.21;0;0.3;3957278.065;0;0;;;;;;;
5585;SENNHEISER;AVX-835 SET-4;Sistema digital inalámbrico | p/Camara | Mano: ME2/835 |;Microfonos;<10;2172382.85;0.21;0;0.3;3417158.229;0;0;;;;;;;
5585;SENNHEISER;AWM UHF (470 - 694 MHZ);Antena AWM  |direccional activa  |para Evolution Wireless Digital | ;Accesorios de Sonido;<10;1027818.65;0.21;0;0.3;1616758.743;0;0;;;;;;;
5585;SENNHEISER;BA 10;Batería recargable | p/Transmisores de Mano | SL DW, SLDW1, AVX SKM 835 | reemplaza 2 Bat AA | ;Accesorios de Sonido;>10;166987.41;0.21;0;0.3;262671.192;0;0;https://todomusica.com.ar/30550-large_default/img.jpg;https://todomusica.com.ar/30550-large_default/img.jpg;0;0;0;;
5585;SENNHEISER;BA 30;Batería recargable | p/Transmisores Body Pack |   D1, AVX SL, Speech Line DW | reemplaza 2 Bat AA | ;Accesorios de Sonido;>10;166987.41;0.21;0;0.3;262671.192;0;0;https://todomusica.com.ar/30549-large_default/img.jpg;https://todomusica.com.ar/30549-large_default/img.jpg;0;0;0;;
5585;SENNHEISER;BA 40;Batería recargable  Litio | p/SL Tablestand 133-S DW y el SL Tablestand 153-S DW | ;Accesorios de Sonido;>10;251538;0.21;0;0.3;395669.274;0;0;https://todomusica.com.ar/30551-large_default/img.jpg;https://todomusica.com.ar/30551-large_default/img.jpg;0;0;0;;
5585;SENNHEISER;BA 60;Batería recargable  Litio | p/Transmisores de Mano | Lineas : SKM6000, SKM9000 | 1600 mAh | ;Accesorios de Sonido;>10;272675.65;0.21;0;0.3;428918.804;0;0;https://todomusica.com.ar/30620-large_default/img.jpg;https://todomusica.com.ar/30620-large_default/img.jpg; https://todomusica.com.ar/30621-large_default/img.jpg;0;0;;
5585;SENNHEISER;BA 61;"Batería recargable  Litio | p/Transmisores de Mano | Lineas : SKM6000, SKM9000 | 2000 mAh | mayor duracion | 
 
";Accesorios de Sonido;>10;317064.71;0.21;0;0.3;498742.785;0;0;https://todomusica.com.ar/30653-large_default/img.jpg;https://todomusica.com.ar/30653-large_default/img.jpg; https://todomusica.com.ar/30654-large_default/img.jpg;0;0;;
5585;SENNHEISER;BA 62;Batería | Iones de litio | p/SK 6212;Microfonos;>10;317064.71;0.21;0;0.3;498742.785;0;0;https://todomusica.com.ar/30652-large_default/img.jpg;https://todomusica.com.ar/30652-large_default/img.jpg;0;0;0;;
5585;SENNHEISER;BA 70;Batería recargable | Iones de litio | p/EW-D SK y EW-D SKM-S;Microfonos;>10;105688.24;0.21;0;0.3;166247.599;0;0;https://todomusica.com.ar/30651-large_default/img.jpg;https://todomusica.com.ar/30651-large_default/img.jpg;0;0;0;;MAS_VENDIDO
5585;SENNHEISER;CHG 2N EU;Cargador de Bateria Doble de Mesa  | con conexion a Red | para SL Bodypack DW y  SL Handheld DW |  Control Cockpit | ;Accesorios de Sonido;<10;724850.91;0.21;0;0.3;1140190.478;0;0;https://todomusica.com.ar/31914-large_default/img.jpg;https://todomusica.com.ar/31914-large_default/img.jpg;0;0;0;;
5585;SENNHEISER;CHG 2W;Base de Carga Doble Inalambrica de Mesa | Inductivo | p/SL TABLESTAND  133 SDW , 153 SDW | ;Accesorios de Sonido;<10;949432.63;0.21;0;0.3;1493457.528;0;0;https://todomusica.com.ar/30548-large_default/img.jpg;https://todomusica.com.ar/30548-large_default/img.jpg;0;0;0;;
5585;SENNHEISER;CHG 4N EU;"Cargador de Bateria Cuadruple  de Mesa  | para SKM D1 x 2 + SK D1 x 2  | p/SK/SKM D1, SK/SKM AVX, SL DW, BA 10, BA 30 | c/fuente  NT 12-4C | 
";Accesorios de Sonido;<10;1623143.19;0.21;0;0.3;2553204.242;0;0;https://todomusica.com.ar/30547-large_default/img.jpg;https://todomusica.com.ar/30547-large_default/img.jpg;0;0;0;;
5585;SENNHEISER;CHG 70N-C + PSU KIT;Cargador de Mesa Doble  |  Escalable hasta 5 x CHG 70N-C | control x RED SW  | Compatible con EW-DX SKM, SK o solo baterias BA 70 | (1)  | alimentacion POE o PSU | ;Accesorios de Sonido;<10;843157.24;0.21;0;0.3;1326286.336;0;0;https://todomusica.com.ar/30612-large_default/img.jpg;https://todomusica.com.ar/30612-large_default/img.jpg; https://todomusica.com.ar/30613-large_default/img.jpg;0;0;;
5585;SENNHEISER;E 600 SERIES DRUM PACK III;Set de 7 micrófonos Profesional |P/  batería | Incluye  1 E602-II + 4 x E604 + 2 E614 + 6 clamps  + estuche Fibra | ;Microfonos;>10;2217339.15;0.21;0;0.3;3487874.489;0;0;https://todomusica.com.ar/30532-large_default/img.jpg;https://todomusica.com.ar/30532-large_default/img.jpg; https://todomusica.com.ar/30533-large_default/img.jpg;0;0;;
5585;SENNHEISER;e 602 II;Micrófono | De instrumento | Cardioide | Dinámico | para bombo | Conector XLR y rosca para trípode de 9.5mm | pipeta MZQ 800 y pouch de transporte.;Microfonos;<10;340005.6;0.21;0;0.3;534828.809;0.2;0.2;https://todomusica.com.ar/30677-large_default/img.jpg;https://todomusica.com.ar/30677-large_default/img.jpg;0;0;0;;INGRESANDO|MAS_VENDIDO
5585;SENNHEISER;e 604;Micrófono de instrumento | Cardioide | Dinámico | p/Toms y redoblante | Conector XLR | Cuerpo de fibra de vidrio | c/Pipeta MZH 604 | c/Pouch de transporte;Microfonos;>10;316947.28;0.21;0;0.3;498558.067;0.2;0.2;https://todomusica.com.ar/30675-large_default/img.jpg;https://todomusica.com.ar/30675-large_default/img.jpg; https://todomusica.com.ar/30676-large_default/img.jpg;0;0;;MAS_VENDIDO
5585;SENNHEISER;e 608;Micrófono De instrumento | SuperCardioide | Dinámico | para inst de viento | metal | batería | Cuello de cisne flexible | Conector XLR | pipeta MZQ 608 y pouch de transporte.;Microfonos;>10;420639.18;0.21;0;0.3;661665.425;0.2;0.2;https://todomusica.com.ar/30674-large_default/img.jpg;https://todomusica.com.ar/30674-large_default/img.jpg;0;0;0;;
5585;SENNHEISER;e 609 SILVER;Micrófono | De instrumento | SuperCardioide | Dinámico | p/amplificadores de guitarra/bajo | Conector XLR | pipeta MZQ 108 y pouch de transporte.;Microfonos;>10;228819.69;0.21;0;0.3;359933.376;0.2;0.2;https://todomusica.com.ar/30671-large_default/img.jpg;https://todomusica.com.ar/30670-large_default/img.jpg; https://todomusica.com.ar/30671-large_default/img.jpg; https://todomusica.com.ar/30672-large_default/img.jpg; https://todomusica.com.ar/30673-large_default/img.jpg;;
5585;SENNHEISER;e 614;Micrófono | De instrumento | SuperCardioide | Condensador | p/ batería | Conector XLR | pipeta MZQ 100 y pouch de transporte.;Microfonos;<10;468309.6;0.21;0;0.3;736651.001;0.2;0.2;https://todomusica.com.ar/30669-large_default/img.jpg;https://todomusica.com.ar/30669-large_default/img.jpg;0;0;0;;INGRESANDO
5585;SENNHEISER;e 825 S;Micrófono | De mano | Dinámico| Cardioide | c/ interruptor On/Off | Conector XLR | Pipeta MZQ 800 y  pouch de transporte;Microfonos;<10;203751.4;0.21;0;0.3;320500.952;0.2;0.2;https://todomusica.com.ar/31722-large_default/img.jpg;https://todomusica.com.ar/31722-large_default/img.jpg;0;0;0;;
5585;SENNHEISER;e 835;Micrófono | De mano | Dinámico| Cardioide | Conector XLR | Pipeta MZQ 800 y  pouch de transporte;Microfonos;>10;228819.69;0.21;0;0.3;359933.376;0.2;0.2;https://todomusica.com.ar/31863-large_default/img.jpg;https://todomusica.com.ar/31863-large_default/img.jpg;0;0;0;;MAS_VENDIDO
5585;SENNHEISER;e 835 S;Micrófono | De mano | Dinámico| Cardioide | c/ interruptor On/Off | Conector XLR | Pipeta MZQ 800 y  pouch de transporte;Microfonos;>10;228819.69;0.21;0;0.3;359933.376;0.2;0.2;https://todomusica.com.ar/31892-large_default/img.jpg;https://todomusica.com.ar/31892-large_default/img.jpg;0;0;0;;MAS_VENDIDO
5585;SENNHEISER;e 845;Micrófono | De mano | Dinámico | SuperCardioide | Conector XLR | Pipeta MZQ 800 y  pouch de transporte;Microfonos;>10;249538.23;0.21;0;0.3;392523.637;0.2;0.2;https://todomusica.com.ar/30666-large_default/img.jpg;https://todomusica.com.ar/30666-large_default/img.jpg; https://todomusica.com.ar/30668-large_default/img.jpg;0;0;;INGRESANDO|MAS_VENDIDO
5585;SENNHEISER;e 845-S;Micrófono | De mano | Dinámico| SuperCardioide | c/ interruptor On/Off | Conector XLR | Pipeta MZQ 800 y  pouch de transporte;Microfonos;>10;249538.23;0.21;0;0.3;392523.637;0.2;0.2;https://todomusica.com.ar/30665-large_default/img.jpg;https://todomusica.com.ar/30665-large_default/img.jpg;0;0;0;;INGRESANDO
5585;SENNHEISER;e 865;Micrófono | De mano | Condensador | Super Cardioide | Conector XLR | Pipeta MZQ 800 y  pouch de transporte;Microfonos;<10;528441.18;0.21;0;0.3;831237.971;0.2;0.2;https://todomusica.com.ar/30664-large_default/img.jpg;https://todomusica.com.ar/30664-large_default/img.jpg;0;0;0;;
5585;SENNHEISER;e 901;Micrófono de instrumento | Semicardioide | condensador de capa límite | p/Bombo, piano e instrumentos de baja frecuencia | Conector XLR-M de 3 pines.;Microfonos;>10;638726.31;0.21;0;0.3;1004716.482;0.2;0.2;https://todomusica.com.ar/30650-large_default/img.jpg;https://todomusica.com.ar/30650-large_default/img.jpg;0;0;0;;
5585;SENNHEISER;e 902;"Micrófono de instrumento | Cardioide | Dinámico | p/Bombo | Conector XLR-M de 3 pines | rosca para trípode de 3/8""";Microfonos;>10;501365.81;0.21;0;0.3;788648.416;0.2;0.2;https://todomusica.com.ar/30648-large_default/img.jpg;https://todomusica.com.ar/30648-large_default/img.jpg; https://todomusica.com.ar/30649-large_default/img.jpg;0;0;;
5585;SENNHEISER;e 904;"Micrófono de instrumento | Cardioide | Dinámico | Conector XLR-M de 3 pines | Rosca para trípode de 3/8"" | (1) pinza MZH 604 para aros de batería y soportes de suspensión";Microfonos;<10;468309.6;0.21;0;0.3;736651.001;0.2;0.2;https://todomusica.com.ar/30647-large_default/img.jpg;https://todomusica.com.ar/30646-large_default/img.jpg; https://todomusica.com.ar/30647-large_default/img.jpg;0;0;;INGRESANDO
5585;SENNHEISER;e 906;Micrófono de instrumento | Supercardioide | Dinámico | Conector XLR-M de 3 pines | Filtro de presencia de 3 posiciones | (1) pinza MZQ 100 para caja de guitarra;Microfonos;<10;501365.81;0.21;0;0.3;788648.416;0.2;0.2;https://todomusica.com.ar/30643-large_default/img.jpg;https://todomusica.com.ar/30643-large_default/img.jpg; https://todomusica.com.ar/30644-large_default/img.jpg; https://todomusica.com.ar/30645-large_default/img.jpg;0;;
5585;SENNHEISER;e 908 B-ew;Micrófono p/Sist Inalambrico | Cardioide | Condensador | p/Instrumentos de viento | Conector estéreo Mini 3.5MM| Clamp Flexible de liberación rápida MZH 908 B-II | C: Negro;Microfonos;<10;420404.3;0.21;0;0.3;661295.964;0.2;0.2;https://todomusica.com.ar/30642-large_default/img.jpg;https://todomusica.com.ar/30642-large_default/img.jpg;0;0;0;;
5585;SENNHEISER;e 914;Micrófono de instrumento | Cardioide | Condensador | Preatenuación | Interruptores de atenuación de graves | p/guitarra acústica, micrófonos aéreos, orquestas y pianos de cola | Alimentación P48  | Conector XLR-M de 3 pines | (1) pinza MZQ 800 | (1) filtro antiviento MZW 64;Microfonos;<10;843392.1;0.21;0;0.3;1326655.773;0.2;0.2;https://todomusica.com.ar/30641-large_default/img.jpg;https://todomusica.com.ar/30639-large_default/img.jpg; https://todomusica.com.ar/30640-large_default/img.jpg; https://todomusica.com.ar/30641-large_default/img.jpg;0;;
5585;SENNHEISER;e 935;Micrófono de mano | Cardioide | Dinámico | Conector XLR-M de 3 pines | (1) clip MZQ 800;Microfonos;>10;422752.93;0.21;0;0.3;664990.36;0.2;0.2;https://todomusica.com.ar/30633-large_default/img.jpg;https://todomusica.com.ar/30633-large_default/img.jpg; https://todomusica.com.ar/30634-large_default/img.jpg; https://todomusica.com.ar/30635-large_default/img.jpg;0;;
5585;SENNHEISER;e 945;Micrófono de mano | Supercardioide | Dinámico | Conector XLR-M de 3 pines | (1) clip MZQ 800;Microfonos;<10;468309.6;0.21;0;0.3;736651.001;0.2;0.2;https://todomusica.com.ar/30637-large_default/img.jpg;https://todomusica.com.ar/30636-large_default/img.jpg; https://todomusica.com.ar/30637-large_default/img.jpg; https://todomusica.com.ar/30638-large_default/img.jpg;0;;INGRESANDO
5585;SENNHEISER;E 965;Micrófono de mano | cardioide/supercardioide | Condenser | Preatenuación conmutable (-10 dB) | Interruptor de corte de graves | Conector XLR-M de 3 pines | Alimentación phantom de 48 V | (1) pinza MZQ 800;Microfonos;<10;1371315.62;0.21;0;0.3;2157079.475;0.2;0.2;https://todomusica.com.ar/30631-large_default/img.jpg;https://todomusica.com.ar/30631-large_default/img.jpg; https://todomusica.com.ar/30632-large_default/img.jpg;0;0;;
5585;SENNHEISER;EK 2000 IEM-AW+;Receptor Inalambr p/ Monitoreo Intraural | IEM | HDX Diversity adaptativo | Estéreo | Con  auricular IE 4 | Rang Fr 470 a 558 MHz |  AA ó Bat Recarg BA 2015 (no incl) |;"Monitores de Oido; Auriculares";>10;1266145.04;0.21;0;0.3;1991646.146;0;0;https://todomusica.com.ar/30598-large_default/img.jpg;https://todomusica.com.ar/30598-large_default/img.jpg;0;0;0;;
5585;SENNHEISER;EM 6000;Receptor digital de 2 canales | p/Microf Inalambr | True-Bit-Diversity | Modo LR | AES-3 | Divis de antena activo | Salida de Auric c/Volumen |  AES 256 | Rango de frec 470 a 714 MHz | 1 UR;Microfonos;<10;7607204.2;0.21;0;0.3;11966132.21;0;0;https://todomusica.com.ar/30557-large_default/img.jpg;https://todomusica.com.ar/30557-large_default/img.jpg; https://todomusica.com.ar/30558-large_default/img.jpg;0;0;;
5585;SENNHEISER;EM 6000 DANTE;"Receptor digital de 2 canales | p/Microf Inalambr | True-Bit-Diversity | Modo LR | DANTE | AES-3 | Divis de antena activo | Salida de Auric c/Volumen |  AES 256 | Rango de frec 470 a 714 MHz | 1 UR 
";Microfonos;<10;8452710.07;0.21;0;0.3;13296112.94;0;0;https://todomusica.com.ar/30555-large_default/img.jpg;https://todomusica.com.ar/30555-large_default/img.jpg; https://todomusica.com.ar/30556-large_default/img.jpg;0;0;;
5585;SENNHEISER;ew IEM G4-A1;Sistema  de monitorización estéreo inalámbrico | (1) transmisor estéreo SR IEM G4 | (1) receptor de petaca estéreo EK IEM G4 | (1) par de auriculares IE4 | (1) kit de montaje en rack GA3 | Rango de frecuencia 470 a 516 MHz;"Monitores de Oido; Auriculares";<10;2323027.38;0.21;0;0.3;3654122.064;0;0;https://todomusica.com.ar/30599-large_default/img.jpg;https://todomusica.com.ar/30599-large_default/img.jpg;0;0;0;;
5585;SENNHEISER;ew IEM G4-TWIN-A1;Kit doble de monitorización estéreo inalámbrica | (1) transmisor estéreo SR IEM G4 | (2) receptores de petaca estéreo EK IEM G4 | (2) auriculares IE4 | (1) kit de montaje en rack GA3 | Rango de frecuencia 470 a 516 MHz;"Monitores de Oido; Auriculares";>10;3168533.25;0.21;0;0.3;4984102.808;0;0;https://todomusica.com.ar/30600-large_default/img.jpg;https://todomusica.com.ar/30600-large_default/img.jpg;0;0;0;;
5585;SENNHEISER;EW-D CHARGING SET;Cargador p/bateria de mesa  | KIT: USB L 70  +  (2) bat. recarg BA 70 |  p/Body  y Trans Mano | Serie EW-D | c/ (1) fuente de alimentación NT 5-20 UCW | control x APP Movil |;Accesorios de Sonido;<10;317064.71;0.21;0;0.3;498742.785;0;0;https://todomusica.com.ar/30614-large_default/img.jpg;https://todomusica.com.ar/30614-large_default/img.jpg;0;0;0;;
5585;SENNHEISER;EW-D CI1 SET (Q1-6);Sistema Inalambrico | Digital | p/instrumentos |  kit de montaje en rack | Rango de frec  470 a 526 MHz | Contr por APP Movil | 1/2 UR | ;Microfonos;<10;1254167.05;0.21;0;0.3;1972804.776;0;0;https://todomusica.com.ar/30579-large_default/img.jpg;https://todomusica.com.ar/30579-large_default/img.jpg;0;0;0;;
5585;SENNHEISER;EW-D EM (Q1-6);Base Receptora Inalambrica  | 1/2 U de Rack | Evolution Wireless Digital | app EW-D Smart Assist |;Microfonos;<10;753123.24;0.21;0;0.3;1184662.854;0;0;https://todomusica.com.ar/31895-large_default/img.jpg;https://todomusica.com.ar/31894-large_default/img.jpg; https://todomusica.com.ar/31895-large_default/img.jpg;0;0;;
5585;SENNHEISER;EW-D ME2 SET (Q1-6);Sistema Inalambrico | Digital | Corbatero-Lavalier |  c/M2  BK -Omni | Rango frec  470 a 526 MHz | Contr por APP Movil | 1/2 UR | ;Microfonos;>10;1419745.28;0.21;0;0.3;2233259.321;0;0;https://todomusica.com.ar/30582-large_default/img.jpg;https://todomusica.com.ar/30582-large_default/img.jpg;0;0;0;;
5585;SENNHEISER;EW-D ME2/835-S SET (Q1-6);"Sistema Inalambrico | Digital | Mano |  c/835  | Rango frec  470 a 526 MHz | Contr por APP Movil | 1/2 UR |  
";Microfonos;>10;2127856.44;0.21;0;0.3;3347118.178;0;0;https://todomusica.com.ar/30577-large_default/img.jpg;https://todomusica.com.ar/30577-large_default/img.jpg;0;0;0;;
5585;SENNHEISER;EW-D ME3 SET (Q1-6);"Sistema Inalambrico | Digital | Diadema - Vincha  |  c/ME3 BK  |  Cardiode | Rango frec  470 a 526 MHz | Contr por APP Movil | 1/2 UR |  
";Microfonos;>10;1536002.33;0.21;0;0.3;2416131.666;0;0;https://todomusica.com.ar/30581-large_default/img.jpg;https://todomusica.com.ar/30581-large_default/img.jpg;0;0;0;;
5585;SENNHEISER;EW-D ME4 SET (Q1-6);"Sistema Inalambrico | Digital | Corbatero-Lavalier |  c/M4 BK -Cardiode | Rango frec  470 a 526 MHz | Contr por APP Movil | 1/2 UR |  
";Microfonos;>10;1419745.28;0.21;0;0.3;2233259.321;0;0;https://todomusica.com.ar/30580-large_default/img.jpg;https://todomusica.com.ar/30580-large_default/img.jpg;0;0;0;;
5585;SENNHEISER;EW-D SK (Q1-6);Transmisor Inalámbrico | Digital | Bodypack (Petaca) | Conector Mini-jack 3.5mm | Rango frec 470 a 526 MHz;Microfonos;<10;753123.24;0.21;0;0.3;1184662.854;0;0;https://todomusica.com.ar/31595-large_default/img.jpg;https://todomusica.com.ar/31595-large_default/img.jpg;0;0;0;;
5585;SENNHEISER;EW-D SKM-S (Q1-6);Sistema Inalambrico | Digital | Mano sin capsula | rango frec  470 a 526 MHz | Contr por APP Movil | 1/2 UR | ;Microfonos;<10;753123.24;0.21;0;0.3;1184662.854;0;0;https://todomusica.com.ar/31596-large_default/img.jpg;https://todomusica.com.ar/31596-large_default/img.jpg; https://todomusica.com.ar/31597-large_default/img.jpg; https://todomusica.com.ar/31598-large_default/img.jpg;0;;
5585;SENNHEISER;EW-D 835-S SET (Q1-6);Sistema  Microf Inalámbrico digital | de mano  c/ e-835 | Pipeta  MZQ1 | kit de mont rack | Rango  frec. 470 A 526 MHz | Configurable  por APP Movil |;Microfonos;<10;1419745.28;0.21;0;0.3;2233259.321;0;0;https://todomusica.com.ar/30578-large_default/img.jpg;https://todomusica.com.ar/30578-large_default/img.jpg;0;0;0;;MAS_VENDIDO
5585;SENNHEISER;EW-DP EK  (Q1-6);Receptor digital portátil  p/Camara | Monocanal | (1) kit de montaje  | batería de iones de litio BA 70 |  Cables conexion Varios | cable de carga USB-C | Rango de frecuencia 470 a 526 MHz;Microfonos;<10;737469;0.21;0;0.3;1160038.737;0;0;https://todomusica.com.ar/30595-large_default/img.jpg;https://todomusica.com.ar/30595-large_default/img.jpg; https://todomusica.com.ar/30596-large_default/img.jpg;0;0;;
5585;SENNHEISER;EW-DP ENG SET (Q1-6);Sistema Inalambrico Portatil Digital | p/Camara -Reportero | Combinado | Monocanal | Body + Crobatero ME-2 Omni + Plug On | kit de montaje  | batería de iones de litio BA 70 |  Cables conexion Varios | cable de carga USB-C | Rango de frecuencia 470 a 526 MHz;Microfonos;<10;1900274.46;0.21;0;0.3;2989131.728;0;0;https://todomusica.com.ar/30572-large_default/img.jpg;https://todomusica.com.ar/30572-large_default/img.jpg;0;0;0;;
5585;SENNHEISER;EW-DP ME2 SET (Q1-6);"Sistema digital portátil  p/Camara | Monocanal | Corbatero-lavalier | ME-2  Omni | kit de montaje  | batería de iones de litio BA 70 |  Cables conexion Varios | cable de carga USB-C | Rango de frecuencia 470 a 526 MHz 
";Microfonos;<10;1477521.5;0.21;0;0.3;2324141.32;0;0;https://todomusica.com.ar/30576-large_default/img.jpg;https://todomusica.com.ar/30576-large_default/img.jpg;0;0;0;;
5585;SENNHEISER;EW-DP ME4 SET (Q1-6);Sistema inalámbrico digital portátil | Incluye receptor digital portátil monocanal EW-DP EK, transmisor bodypack digital EW-D SK, micrófono lavalier cardioide ME 4, kit de montaje (placa de montaje, adaptador, clip para cinturón y tornillos), batería de iones de litio BA 70 y 2 pilas AA, cable TRS de 3,5 mm a TRS de 3,5 mm, cable TRS de 3,5 mm a XLR y cable de carga USB-C | Rango de frecuencia: Q1-6 (470-526 MHz).;Microfonos;>10;1477521.5;0.21;0;0.3;2324141.32;0;0;https://todomusica.com.ar/30574-large_default/img.jpg;https://todomusica.com.ar/30574-large_default/img.jpg; https://todomusica.com.ar/30575-large_default/img.jpg;0;0;;
5585;SENNHEISER;EW-DP SKP (Q1-6);Transmisor Digital  Plug-On | p/Serie EWD | c/ phantom  +48 V | entrada de 3,5 mm  | grabac  interna en microSD (no incluida) | Rango de frec Q1-6 (470-526 MHz) | ;Microfonos;<10;737469;0.21;0;0.3;1160038.737;0;0;https://todomusica.com.ar/30571-large_default/img.jpg;https://todomusica.com.ar/30571-large_default/img.jpg;0;0;0;;
5585;SENNHEISER;EW-DP 835 SET (Q1-6);Sistema portátil inalámbrico digital | Incluye receptor EW-DX EM 2, 1 transmisores portátiles EW-DX SKM-S, 1 cápsula MMD 835 y 1 baterías BA 70 | Rango de frecuencia: Q1-9 (470,2 - 550 MHz).;Microfonos;>10;1477521.5;0.21;0;0.3;2324141.32;0;0;https://todomusica.com.ar/30573-large_default/img.jpg;https://todomusica.com.ar/30573-large_default/img.jpg;0;0;0;;
5585;SENNHEISER;EW-DX EM 2 DANTE (Q1-9);Receptor Microf Inalambrico DUAL | Digital | c/Dante®  | Rango de frecuencia: Q1-9 (470,2 - 550 MHz) | 1/2 URack |;Microfonos;<10;2956921.91;0.21;0;0.3;4651238.161;0;0;https://todomusica.com.ar/30593-large_default/img.jpg;https://todomusica.com.ar/30593-large_default/img.jpg; https://todomusica.com.ar/30594-large_default/img.jpg;0;0;;
5585;SENNHEISER;EW-DX EM 4 DANTE (Q1-9);"Receptor Microf Inalambrico Quadruple | Digital | c/Dante®  | Rango de frecuencia: Q1-9 (470,2 - 550 MHz) | 1 URack | 
";Microfonos;<10;6973074.8;0.21;0;0.3;10968646.66;0;0;https://todomusica.com.ar/30563-large_default/img.jpg;https://todomusica.com.ar/30563-large_default/img.jpg; https://todomusica.com.ar/30564-large_default/img.jpg;0;0;;
5585;SENNHEISER;EW-DX MKE 2 / 835-S SET (Q1-9);"Sistema Inalámbrico Digital | Doble |  2 Ch | Mano c/ 835 + Body  Corbt -Lavalier c/ MKE2  |  2 baterías BA 70 |  RED | Rango Frec: Q1-9 (470,2 - 550 MHz)|  1/2U Rack | 
";Microfonos;<10;5387986.17;0.21;0;0.3;8475302.244;0;0;https://todomusica.com.ar/30570-large_default/img.jpg;https://todomusica.com.ar/30570-large_default/img.jpg;0;0;0;;
5585;SENNHEISER;EW-DX MKE 2 SET (Q1-9);Sistema lavalier inalámbrico digital | Incluye  receptor EW-DX EM 2, 2 transmisores de bolsillo EW-DX SK, 2 micrófonos lavalier MKE 2 y 2 baterías BA 70 | Rango de frecuencia: Q1-9 (470,2 - 550 MHz).;Microfonos;<10;5916427.33;0.21;0;0.3;9306540.191;0;0;https://todomusica.com.ar/30569-large_default/img.jpg;https://todomusica.com.ar/30569-large_default/img.jpg;0;0;0;;
5585;SENNHEISER;EW-DX SKM (Q1-9);Transmisor Digital de mano | Sin Capsula |  Rango de frecuencia: Q1-9 (470,2 - 550 MHz) | ;Microfonos;>10;991355.64;0.21;0;0.3;1559402.419;0;0;https://todomusica.com.ar/30565-large_default/img.jpg;https://todomusica.com.ar/30565-large_default/img.jpg;0;0;0;;
5585;SENNHEISER;EW-DX SKM-S (Q1-9);"Transmisor Digital de mano | con Sw de corte |  Sin Capsula |  Rango de frecuencia: Q1-9 (470,2 - 550 MHz) |  
";Microfonos;<10;991120.77;0.21;0;0.3;1559032.97;0;0;https://todomusica.com.ar/30566-large_default/img.jpg;https://todomusica.com.ar/30566-large_default/img.jpg;0;0;0;;
5585;SENNHEISER;EW-DX 835-S SET (Q1-9);Sistema Inalámbrico Digital | Combinado 2 Ch | 2 Trans de Mano c/ 835 | 2 baterías BA 70 | Rango Frec: Q1-9 (470,2 - 550 MHz)| 1/2U Rack;Microfonos;<10;4859544.99;0.21;0;0.3;7644064.273;0;0;https://todomusica.com.ar/30568-large_default/img.jpg;https://todomusica.com.ar/30568-large_default/img.jpg;0;0;0;;
5585;SENNHEISER;HD 200 PRO;Auricular | Stereo Dinámico | 32? | Cerrado| supraaural| cable de 3m | plug 3.5mm | adaptador a 6.3mm incluído.;"Monitores de Oido; Auriculares";>10;168925.02;0.21;0;0.3;265719.061;0.2;0.2;https://todomusica.com.ar/30628-large_default/img.jpg;https://todomusica.com.ar/30628-large_default/img.jpg;0;0;0;;MAS_VENDIDO
5585;SENNHEISER;HD 25;Auricular | de Monitoreo Profesional | Cerrado| supraaural| diadema dividida| un cubre oídos puede girar para escuchar con un solo oído | cable de 1.5m;"Monitores de Oido; Auriculares";>10;320653.08;0.21;0;0.3;504387.29;0.2;0.2;https://todomusica.com.ar/30624-large_default/img.jpg;https://todomusica.com.ar/30624-large_default/img.jpg;0;0;0;;INGRESANDO|MAS_VENDIDO
5585;SENNHEISER;HD 25 LIGHT;Auricular cerrado supraural | Para estudio y sonido en vivo | sonido clásico de HD25 con diadema elegante y simplificada y cable recto (1,5 m).;"Monitores de Oido; Auriculares";>10;233085.6;0.21;0;0.3;366643.649;0.2;0.2;https://todomusica.com.ar/30622-large_default/img.jpg;https://todomusica.com.ar/30622-large_default/img.jpg;0;0;0;;INGRESANDO|MAS_VENDIDO
5585;SENNHEISER;HD 25 PLUS;Auricular  de monitoreo profesional cerrado | supraural, con diadema dividida, auricular giratorio y cable en espiral (1,5 m) | con cable recto adicional, par adicional de almohadillas para los oídos y bolsa protectora.;"Monitores de Oido; Auriculares";<10;427573.08;0.21;0;0.3;672572.45;0.2;0.2;https://todomusica.com.ar/30623-large_default/img.jpg;https://todomusica.com.ar/30623-large_default/img.jpg;0;0;0;;INGRESANDO
5585;SENNHEISER;HD 280 PRO;Auricular | de Monitoreo Profesional | Cerrado | Plegable;"Monitores de Oido; Auriculares";>10;213733.08;0.21;0;0.3;336202.13;0.2;0.2;https://todomusica.com.ar/30625-large_default/img.jpg;https://todomusica.com.ar/30625-large_default/img.jpg;0;0;0;;INGRESANDO|MAS_VENDIDO
5585;SENNHEISER;HD 400 PRO;Auricular profesional de estudio plegable supraaural  de referencia | Para proyectos y sesiones de mezcla profesionales | Incluye cable en espiral (3 m) y cable recto (1,8 m), color negro.;"Monitores de Oido; Auriculares";<10;596613.6;0.21;0;0.3;938473.193;0.2;0.2;https://todomusica.com.ar/30687-large_default/img.jpg;https://todomusica.com.ar/30687-large_default/img.jpg;0;0;0;;INGRESANDO
5585;SENNHEISER;HD 490 PRO;Auricular profesional de estudio de referencia | Incluye cable de 1,8 m, un juego de almohadillas para mezcla y un juego de almohadillas para producción.;"Monitores de Oido; Auriculares";<10;917373.6;0.21;0;0.3;1443028.673;0;0;https://todomusica.com.ar/30686-large_default/img.jpg;https://todomusica.com.ar/30685-large_default/img.jpg; https://todomusica.com.ar/30686-large_default/img.jpg;0;0;;INGRESANDO
5585;SENNHEISER;HEADMIC 1 (BEIGE EW);Micrófono condensador de diadema  | de nuca | Omni | 20 - 20 000 Hz | SPL max.: 143 dB | conexion Mini Plug 3.5MM | c: Beige;Microfonos;<10;1531426.9;0.21;0;0.3;2408934.514;0;0;https://todomusica.com.ar/31600-large_default/img.jpg;https://todomusica.com.ar/31600-large_default/img.jpg;0;0;0;;
5585;SENNHEISER;HEADMIC 1 (BLACK EW);"Micrófono condensador de diadema  | de nuca | Omni | 20 - 20 000 Hz | SPL max.: 143 dB | conexion Mini Plug 3.5MM | c: Black 
";Microfonos;<10;1531426.9;0.21;0;0.3;2408934.514;0;0;https://todomusica.com.ar/31599-large_default/img.jpg;https://todomusica.com.ar/31599-large_default/img.jpg;0;0;0;;
5585;SENNHEISER;HS 2 BE;Micrófono headset | para Body Inalambrico | cap: MKE Omnidireccional | beige/piel  | cable de 1,6m | conector de 3,5 mm | ;Microfonos;>10;853221.6;0.21;0;0.3;1342117.577;0;0;https://todomusica.com.ar/30592-large_default/img.jpg;https://todomusica.com.ar/30592-large_default/img.jpg;0;0;0;;INGRESANDO|MAS_VENDIDO
5585;SENNHEISER;HS 2 (BEIGE 3-PIN);Micrófono headset | para Body Inalambrico | cap: MKE Omnidireccional | Beige  | cable de 1,6m | conector 3-Pin  |  ;Microfonos;>10;924323.4;0.21;0;0.3;1453960.708;0;0;;;;;;;
5585;SENNHEISER;HS 2 BK;"Micrófono headset | para Body Inalambrico | cap: MKE Omnidireccional | Negra  | cable de 1,6m | conector de 3,5 mm |  
";Microfonos;<10;822254.46;0.21;0;0.3;1293406.268;0;0;https://todomusica.com.ar/30591-large_default/img.jpg;https://todomusica.com.ar/30591-large_default/img.jpg;0;0;0;;
5585;SENNHEISER;IE 100 PRO BLACK;"Auricular intraaural de monitorización | con transductor dinámico de 10 mm y cable negro desmontable de 1,3m, conector de 3,5 mm | Incluye: IE 100 PRO Black, cable negro recto de 1,3m, conector de 3,5 mm,  funda blanda, juego de adaptadores de silicona (tallas S, M, L), juego de adaptadores de espuma (talla M), adaptador de conector de 6,3 mm (1/4"") y herramienta de limpieza | negro.";"Monitores de Oido; Auriculares";>10;233085.6;0.21;0;0.3;366643.649;0.2;0.2;https://todomusica.com.ar/30684-large_default/img.jpg;https://todomusica.com.ar/30683-large_default/img.jpg; https://todomusica.com.ar/30684-large_default/img.jpg;0;0;;INGRESANDO
5585;SENNHEISER;IE 100 PRO RED;"Auricular intraaural de monitorización | con transductor dinámico de 10 mm y cable negro desmontable de 1,3m, conector de 3,5 mm | Incluye: IE 100 PRO Clear, cable negro recto de 1,3m, conector de 3,5 mm, funda blanda, juego de adaptadores de silicona (tallas S, M, L), juego de adaptadores de espuma (talla M), adaptador de conector de 6,3 mm (1/4"") y herramienta de limpieza | rojo.";"Monitores de Oido; Auriculares";>10;233085.6;0.21;0;0.3;366643.649;0.2;0.2;https://todomusica.com.ar/30680-large_default/img.jpg;https://todomusica.com.ar/30679-large_default/img.jpg; https://todomusica.com.ar/30680-large_default/img.jpg;0;0;;INGRESANDO
5585;SENNHEISER;IE 100 PRO WIRELESS CLEAR;Wireless in-ear monitoring headphone set featuring 10mm dynamic transducer and black detachable 1.3m cable with 3.5mm jack and bluetooth® connector.;"Monitores de Oido; Auriculares";<10;363971.42;0.21;0;0.3;572527.049;0.2;0.2;;;;;;;
5585;SENNHEISER;L 6000;Cargador para Baterias | 4 slot dobles NO incluidos  LM 6060 / LM 6061 | hasta 8 bat simultaneas | p/ bat BA 60, BA 61 0 BA 62 | Series 6000 y 9000 | control x RED | 1 URack |;Accesorios de Sonido;<10;2322792.52;0.21;0;0.3;3653752.639;0;0;https://todomusica.com.ar/30615-large_default/img.jpg;https://todomusica.com.ar/30615-large_default/img.jpg;0;0;0;;
5585;SENNHEISER;LM 6060;Núcleo /Slot de carga Doble |  p/ L6000 | para 2 Baterias  BA 60 | ;Accesorios de Sonido;<10;297237.6;0.21;0;0.3;467554.745;0;0;https://todomusica.com.ar/30617-large_default/img.jpg;https://todomusica.com.ar/30617-large_default/img.jpg;0;0;0;;INGRESANDO
5585;SENNHEISER;LM 6061;"Núcleo /Slot de carga Doble |  p/ L6000 | para 2 Baterias  BA 61 |  
";Accesorios de Sonido;<10;272675.65;0.21;0;0.3;428918.804;0;0;https://todomusica.com.ar/30618-large_default/img.jpg;https://todomusica.com.ar/30618-large_default/img.jpg;0;0;0;;
5585;SENNHEISER;LM 6062;"Núcleo /Slot de carga Doble |  p/ L6000 | para 2 Baterias  BA 62 |  
";Accesorios de Sonido;<10;316888.56;0.21;0;0.3;498465.707;0;0;https://todomusica.com.ar/30619-large_default/img.jpg;https://todomusica.com.ar/30619-large_default/img.jpg;0;0;0;;
5585;SENNHEISER;LM 6070;"Núcleo /Slot de carga Doble |  p/ L6000 | para 2 Baterias  BA 70 |  
";Accesorios de Sonido;>10;318218.48;0.21;0;0.3;500557.664;0;0;https://todomusica.com.ar/30616-large_default/img.jpg;https://todomusica.com.ar/30616-large_default/img.jpg;0;0;0;;
5585;SENNHEISER;MAT 133 B BLACK XLR 3;Soporte de mesa | p/Mic cuello de cisne | Entrada XLR-F y salida XLR-M | Alimentación phantom de 24-48 V | Compatible con la serie MZH 3000 y MEG 14-40 B;Accesorios de Sonido;>10;524259.23;0.105;0;0.3;753098.385;0;0;https://todomusica.com.ar/31893-large_default/img.jpg;https://todomusica.com.ar/31893-large_default/img.jpg;0;0;0;;
5585;SENNHEISER;MAT 153-S B;Soporte de mesa | p/Mic cuello de cisne | Entrada XLR-5 5Pines |  audio + anillo de iluminacion | on/off |Phanton 48v | Salida Logica p/control (camara, etc ) | ;Accesorios de Sonido;>10;707340.68;0.105;0;0.3;1016094.882;0;0;;;;;;;
5585;SENNHEISER;MD 421 KOMPAKT + DRUM CLAMP;Micrófono |  dinámico cardioide | multipropósito - Percusion-Amplif- etc |  c/Clamp MZH DRUMS |  funda | c: BK;Microfonos;>10;631545.92;0.21;0;0.3;993421.737;0.2;0.2;https://todomusica.com.ar/30627-large_default/img.jpg;https://todomusica.com.ar/30626-large_default/img.jpg; https://todomusica.com.ar/30627-large_default/img.jpg;0;0;;
5585;SENNHEISER;MD 421-II;Micrófono dinámico cardioide | para Voces Locucion | c/ interruptor de atenuación de graves de cinco posiciones | Incluye adaptador de soporte con bloqueo MZA421| c: BK;Microfonos;<10;906805.05;0.21;0;0.3;1426404.35;0.2;0.2;https://todomusica.com.ar/30629-large_default/img.jpg;https://todomusica.com.ar/30629-large_default/img.jpg;0;0;0;;
5585;SENNHEISER;MD 431-II;Micrófono | De mano | Dinámico | SuperCardioide | c/ interruptor On/Off | Conector XLR | c/MZA4031 clip;Microfonos;<10;1256848.54;0.21;0;0.3;1977022.751;0.2;0.2;https://todomusica.com.ar/31868-large_default/img.jpg;https://todomusica.com.ar/31868-large_default/img.jpg;0;0;0;;
5585;SENNHEISER;MEG 14-40 B;Micrófono | Cuello de ganso| Cardioide | Condensador | Conector XLR | Phantom de 12-48 V | Base: 133 (no incluida) |;Microfonos;>10;615832.89;0.21;0;0.3;968705.14;0.2;0.2;https://todomusica.com.ar/31927-large_default/img.jpg;https://todomusica.com.ar/31927-large_default/img.jpg;0;0;0;;
5585;SENNHEISER;MEG 14-40-L B;"Micrófono | Cuello de ganso| c/anillo luminoso | Cardioide | Condensador | Conector XLR | Phantom de 12-48 V | Base: 153 (no incluida) | 
";Microfonos;>10;639322.78;0.21;0;0.3;1005654.728;0.2;0.2;;;;;;;
5585;SENNHEISER;MEG 14-40-L-II B;"Micrófono | Cuello de cisne | c/Anillo luminoso| Cardioide | Condensador | Conector XLR-5 | Alimentación phantom de 12-48 | Base 153 (no incluida) | 
";Microfonos;>10;661558.11;0.21;0;0.3;1040630.903;0.2;0.2;;;;;;;
5585;SENNHEISER;MK 4;Micrófono | Diafragma grande | Cardioide | Condenser | Cápsula bañada en oro 24k | Carcasa Metálica | Suspensión antivibraciones interna | Conector XLR |Pipeta MZQ-4 y pouch de transporte;Microfonos;>10;737703.86;0.21;0;0.3;1160408.174;0.2;0.2;https://todomusica.com.ar/30660-large_default/img.jpg;https://todomusica.com.ar/30658-large_default/img.jpg; https://todomusica.com.ar/30659-large_default/img.jpg; https://todomusica.com.ar/30660-large_default/img.jpg;0;;
5585;SENNHEISER;MKE 1-ew;"Micrófono Corbatero- Lavalier | P/Inalambrico Evolution | omnidireccional | sensibilidad reducida |   Ultraminiatura | uso: teatro / Musicales /palabre | Color: negro | 
";Microfonos;<10;949080.35;0.21;0;0.3;1492903.397;0;0;https://todomusica.com.ar/30584-large_default/img.jpg;https://todomusica.com.ar/30584-large_default/img.jpg;0;0;0;;
5585;SENNHEISER;MKE 2 (BEIGE EW);Micrófono Corbatero- Lavalier | P/Inalambrico Evolution | omnidireccional | sensibilidad reducida |   Color: beige |;Microfonos;>10;917373.6;0.21;0;0.3;1443028.673;0;0;https://todomusica.com.ar/31932-large_default/img.jpg;https://todomusica.com.ar/31932-large_default/img.jpg;0;0;0;;INGRESANDO
5585;SENNHEISER;MKE 2 (BLACK EW);Micrófono Corbatero- Lavalier | P/Inalambrico Evolution | omnidireccional | sensibilidad reducida |   Color: negro |;Microfonos;<10;843392.1;0.21;0;0.3;1326655.773;0;0;https://todomusica.com.ar/30583-large_default/img.jpg;https://todomusica.com.ar/30583-large_default/img.jpg;0;0;0;;
5585;SENNHEISER;MM 435;Capsula para Microfono Inalambrico de Mano | dinámico  | cardioide | c: BK;Microfonos;>10;901872.93;0.21;0;0.3;1418646.12;0;0;https://todomusica.com.ar/30590-large_default/img.jpg;https://todomusica.com.ar/30589-large_default/img.jpg; https://todomusica.com.ar/30590-large_default/img.jpg;0;0;;
5585;SENNHEISER;MM 445;"Capsula p/Microfono Inalalmbrico de mano | Dinámico | Supercardioide | c: BK 
";Microfonos;>10;901872.93;0.21;0;0.3;1418646.12;0;0;https://todomusica.com.ar/30588-large_default/img.jpg;https://todomusica.com.ar/30588-large_default/img.jpg;0;0;0;;
5585;SENNHEISER;MMD 835-1 BK;"Capsula p/Microfono Inalalmbrico de mano | Dinámico | Cardioide | para SKM 100/300/500 G3 y G4, SKM 2000/6000/9000 | c: BK 
";Microfonos;>10;211200.32;0.21;0;0.3;332218.108;0;0;https://todomusica.com.ar/30587-large_default/img.jpg;https://todomusica.com.ar/30587-large_default/img.jpg;0;0;0;;
5585;SENNHEISER;MMD 935-1 BK;"Capsula p/Microfono Inalalmbrico de mano | Dinámico | Cardioide | para SKM 100/300/500 G3 y G4, SKM 2000/6000/9000 SKM D1/AVX, SL Handheld DW | c: BK 
";Microfonos;<10;422752.93;0.21;0;0.3;664990.36;0;0;https://todomusica.com.ar/30585-large_default/img.jpg;https://todomusica.com.ar/30585-large_default/img.jpg; https://todomusica.com.ar/30586-large_default/img.jpg;0;0;;
5585;SENNHEISER;MobileConnect Station;Estación de conexión MobileConnect | 2 ch de Audio | Recibe/Transmite | 2 interfaces Dante | XLR | PoE | Crestron, Extron, plugins QSC | ;Microfonos;<10;10228859.57;0.21;0;0.3;16089996.1;0.2;0.2;https://todomusica.com.ar/30544-large_default/img.jpg;https://todomusica.com.ar/30544-large_default/img.jpg; https://todomusica.com.ar/30545-large_default/img.jpg;0;0;;
5585;SENNHEISER;MZH 604;Abrazadera de cuerpo de batería | forma de L | compatible con e604 y e904;Accesorios de Sonido;>10;102905.9;0.21;0;0.3;161870.981;0;0;https://todomusica.com.ar/31891-large_default/img.jpg;https://todomusica.com.ar/31891-large_default/img.jpg;0;0;0;;
5585;SENNHEISER;MZQ 100;"Pipeta para micrófono | Rápida liberación  | p/e 606, e 609, e 614 e 906 | Goma | c; Bk";Accesorios de Sonido;>10;68565.78;0.21;0;0.3;107853.967;0;0;https://todomusica.com.ar/31889-large_default/img.jpg;https://todomusica.com.ar/31889-large_default/img.jpg;0;0;0;;
5585;SENNHEISER;MZQ 800;Pipeta para micrófono de mano |  Serie Evolution;Accesorios de Sonido;>10;45672.36;0.21;0;0.3;71842.625;0;0;https://todomusica.com.ar/31888-large_default/img.jpg;https://todomusica.com.ar/31888-large_default/img.jpg;0;0;0;;
5585;SENNHEISER;PROFILE STREAMING SET;Set de Micrófono | Condensador | Cardioide | USB-c | c/Soporte t/Radio | p/Podcasts, grabación de voz y streaming | Anillo Led | c/Control Volumen /Ganancia /mezcla | c/Salida auricular | Cable USB-c 3.0Mt;Microfonos;>10;468266.51;0.21;0;0.3;736583.217;0.2;0.2;https://todomusica.com.ar/31887-large_default/img.jpg;https://todomusica.com.ar/31887-large_default/img.jpg;0;0;0;;INGRESANDO
5585;SENNHEISER;PROFILE USB MICROPHONE;Micrófono | Condensador | Cardioide  | USB-c | p/Podcasts, grabación de voz y streaming | Anillo Led | c/Control Volumen /Ganancia /mezcla | c/Salida auricular | Cable Usb-c 3m;Microfonos;>10;318218.48;0.21;0;0.3;500557.664;0.2;0.2;https://todomusica.com.ar/31710-large_default/img.jpg;https://todomusica.com.ar/31709-large_default/img.jpg; https://todomusica.com.ar/31710-large_default/img.jpg;0;0;;
5585;SENNHEISER;PROFILE WIRELESS 1-CHANNEL SET;Sistema Inalámbrico | Todo en uno | 1 canal | c/Transmisor de micrófono con clip | Receptor | c/Accesorios;Microfonos;>10;501365.81;0.21;0;0.3;788648.416;0.2;0.2;https://todomusica.com.ar/31930-large_default/img.jpg;https://todomusica.com.ar/31930-large_default/img.jpg; https://todomusica.com.ar/31931-large_default/img.jpg;0;0;;
5585;SENNHEISER;PROFILE WIRELESS 2-CHANNEL SET;Sistema inalámbrico | Todo en uno | 2 canales | c/Transmisor de micrófono con clip | Receptor | c/Accesorios;Microfonos;>10;753193.39;0.21;0;0.3;1184773.206;0.2;0.2;https://todomusica.com.ar/31714-large_default/img.jpg;https://todomusica.com.ar/31714-large_default/img.jpg; https://todomusica.com.ar/31715-large_default/img.jpg; https://todomusica.com.ar/31716-large_default/img.jpg;0;;
5585;SENNHEISER;SK 6000 BK A1-A4;Transmisor bodypack digital | modo LR | conector SE de 3 polos | AES 256 | color negro | frecuencia (470-558 MHz) |;Microfonos;<10;4225415.58;0.21;0;0.3;6646578.703;0;0;https://todomusica.com.ar/30561-large_default/img.jpg;https://todomusica.com.ar/30561-large_default/img.jpg;0;0;0;;
5585;SENNHEISER;SK 6212 A1-A4;Transmisor bodypack MINI |  digital | p/Teatro | Resistente al sudor | modo LR | cifrado AES 256 |  rango de frec: 470-558 MHz |;Microfonos;<10;6338945.4;0.21;0;0.3;9971161.114;0;0;https://todomusica.com.ar/30562-large_default/img.jpg;https://todomusica.com.ar/30562-large_default/img.jpg;0;0;0;;
5585;SENNHEISER;SKM 6000 BK A1-A4;Transmisor Digital de mano | Sin Capsula |  Rango de frecuencia: 470-558 MHz |  modo LR | AES 256 |;Microfonos;>10;4648129.37;0.21;0;0.3;7311507.498;0;0;https://todomusica.com.ar/30559-large_default/img.jpg;https://todomusica.com.ar/30559-large_default/img.jpg; https://todomusica.com.ar/30560-large_default/img.jpg;0;0;;
5585;SENNHEISER;SL BODYPACK - HM 1 KIT DW-4;Sistema Inalámbrico | Digital | Diadema - Vincha | c/HM 1 | Condensador | Omnidireccional | p/Conferencias y voz | c/Transmisor SL Bodypack DW | Batería recargable BA 30;Microfonos;>10;1907721.12;0.21;0;0.3;3000845.327;0;0;https://todomusica.com.ar/31594-large_default/img.jpg;https://todomusica.com.ar/31594-large_default/img.jpg;0;0;0;;
5585;SENNHEISER;SL BODYPACK - ME 2 KIT DW-4;Sistema Inalámbrico | Digital | Corbatero-Lavalier | c/ME 2 | Condensador | Omnidireccional | p/Conferencias y voz | c/Transmisor SL Bodypack DW | Batería recargable BA 30;Microfonos;>10;1077960.83;0.21;0;0.3;1695632.387;0;0;0;0;0;0;0;;
5585;SENNHEISER;SL BOUNDARY 114-S DW-4 B;Micrófono inalámbrico digital | de mesa | para conferencias | SpeechLine | Incluye batería recargable BA 40 | c: Negro;Microfonos;<10;2218372.01;0.21;0;0.3;3489499.168;0;0;https://todomusica.com.ar/30541-large_default/img.jpg;https://todomusica.com.ar/30541-large_default/img.jpg;0;0;0;;
5585;SENNHEISER;SL CM EB US;Soporte | Extensión de micrófono de techo | Formato USA.;Microfonos;<10;226644.82;0.21;0;0.3;356512.307;0;0;https://todomusica.com.ar/31928-large_default/img.jpg;https://todomusica.com.ar/31928-large_default/img.jpg;0;0;0;;
5585;SENNHEISER;SL CM EB 625;Soporte | Extensión de micrófono de techo | Formato 625;Microfonos;<10;226644.82;0.21;0;0.3;356512.307;0;0;https://todomusica.com.ar/31713-large_default/img.jpg;https://todomusica.com.ar/31713-large_default/img.jpg;0;0;0;;
5585;SENNHEISER;SL CM FB;Soporte de montaje en superficie | Para micrófonos TeamConnect Ceiling 2 | en techos cerrados |;Accesorios de Sonido;<10;478472.39;0.21;0;0.3;752637.073;0;0;https://todomusica.com.ar/30552-large_default/img.jpg;https://todomusica.com.ar/30552-large_default/img.jpg;0;0;0;;
5585;SENNHEISER;SL CM SK;Kit de suspensión para micrófono de techo | TeamConnect Ceiling Conetec | 4 cables de acero de 5 m de longitud, ajustables a la altura de instalación |;Accesorios de Sonido;<10;295325.07;0.21;0;0.3;464546.334;0;0;https://todomusica.com.ar/30553-large_default/img.jpg;https://todomusica.com.ar/30553-large_default/img.jpg; https://todomusica.com.ar/30554-large_default/img.jpg;0;0;;
5585;SENNHEISER;SL CM VB;Soporte | VESA | p/Micrófono de techo;Microfonos;<10;295325.07;0.21;0;0.3;464546.334;0;0;https://todomusica.com.ar/31890-large_default/img.jpg;https://todomusica.com.ar/31890-large_default/img.jpg;0;0;0;;
5585;SENNHEISER;SL HANDHELD SET DW-4-US R;Sistema inalámbrico Mano | p/Conferencia / Educacion | con cápsula MME 865-1 | condensador |  supercardioide |  batería recargable BA 10 | Kit de montaje a Rack | 1/2  UR |;Microfonos;<10;2449765.19;0.21;0;0.3;3853480.648;0;0;https://todomusica.com.ar/30531-large_default/img.jpg;https://todomusica.com.ar/30531-large_default/img.jpg;0;0;0;;
5585;SENNHEISER;SL HANDHELD 865 DW-4-US;Transmisor Inalámbrico | Digital | Mano | c/Cápsula MME 865-1 | Condensador | Supercardioide | p/Conferencias y educación;Microfonos;>10;1630096.41;0.21;0;0.3;2564141.649;0;0;0;0;0;0;0;;
5585;SENNHEISER;SL HEADMIC SET DW-4-US R;Sistema inalámbrico Headset c/ Headmic 1 | condensador | , omnidireccional |batería recargable BA 30 |  kit de montaje en rack  | 1/2 UR |;Microfonos;<10;3210720.47;0.21;0;0.3;5050463.298;0;0;https://todomusica.com.ar/30534-large_default/img.jpg;https://todomusica.com.ar/30534-large_default/img.jpg;0;0;0;;
5585;SENNHEISER;SL MCR WALLMOUNT ADAPTER;Soporte | Montaje en pared | p/Receptor multicanal SpeechLine;Microfonos;>10;249538.23;0.21;0;0.3;392523.637;0;0;https://todomusica.com.ar/31728-large_default/img.jpg;https://todomusica.com.ar/31728-large_default/img.jpg;0;0;0;;
5585;SENNHEISER;SL MCR 2 DW-4;Receptor multicanal SpeechLine | con 2 enlaces RF SL DW | Salida analógica con 2 interfaces Dante  | alimentación PoE |;Microfonos;<10;3485950.25;0.21;0;0.3;5483399.749;0;0;https://todomusica.com.ar/30535-large_default/img.jpg;https://todomusica.com.ar/30535-large_default/img.jpg; https://todomusica.com.ar/30537-large_default/img.jpg; https://todomusica.com.ar/30538-large_default/img.jpg;0;;
5585;SENNHEISER;SL MCR 4 DW-4;Receptor multicanal SpeechLine | con 4 enlaces RF SL DW | Salida analógica con 2 interfaces Dante | alimentación PoE |;Microfonos;<10;6593184.32;0.21;0;0.3;10371078.94;0;0;https://todomusica.com.ar/30539-large_default/img.jpg;https://todomusica.com.ar/30539-large_default/img.jpg; https://todomusica.com.ar/30540-large_default/img.jpg;0;0;;
5585;SENNHEISER;SL TABLESTAND 133-S;Base de Microfono  de mesa inalámbrico | Compatible con todos los micrófonos de cuello de cisne XLR-3 | Incluye batería recargable BA 40 |;Microfonos;<10;1900626.74;0.21;0;0.3;2989685.86;0;0;https://todomusica.com.ar/30542-large_default/img.jpg;https://todomusica.com.ar/30542-large_default/img.jpg;0;0;0;;
5585;SENNHEISER;SL TABLESTAND 153-S;Base de Microfono  de mesa inalámbrico | Compatible con micrófono de cuello de cisne MEG 14-40-L-II B | Incluye batería recargable BA 40 |;Microfonos;<10;2048590.28;0.21;0;0.3;3222432.506;0;0;https://todomusica.com.ar/30543-large_default/img.jpg;https://todomusica.com.ar/30543-large_default/img.jpg;0;0;0;;
5585;SENNHEISER;SR 2050XP IEM-AW+;Transmisor  IEM St de 2 canales |  HDX | Ethernet (WSM) | rango de freca: AW+ (470-558 MHz) | 10/30/50/100mW RF Output Power | 1U Rack |;"Monitores de Oido; Auriculares";<10;3802662.65;0.21;0;0.3;5981588.355;0;0;https://todomusica.com.ar/30597-large_default/img.jpg;https://todomusica.com.ar/30597-large_default/img.jpg;0;0;0;;
5585;SENNHEISER;TC Bar M EU;Dispositivo todo en uno de audio y videoconferencia TeamConnect Bar M | para salas de reuniones y espacios de colaboración de tamaño mediano | Incluye TeamConnect Bar M, soporte de montaje, fuente de alimentación PSU o POE, control remoto IR con pilas, soporte de montaje y almacenamiento, tapa magnética para lente, cable HDMI, cable USB-C a USB-A, entrada y salida de audio Dante.;Microfonos;<10;4225767.89;0.21;0;0.3;6647132.895;0;0;https://todomusica.com.ar/30528-large_default/img.jpg;https://todomusica.com.ar/30528-large_default/img.jpg; https://todomusica.com.ar/30529-large_default/img.jpg; https://todomusica.com.ar/30530-large_default/img.jpg;0;;
5585;SENNHEISER;TC Bar S EU;Dispositivo todo en uno de audio y videoconferencia TeamConnect Bar S | para pequeñas salas de reuniones y espacios de colaboración | Incluye TeamConnect Bar S, soporte de montaje, fuente de alimentación PSU o POE+, control remoto IR con pilas, soporte de montaje y almacenamiento, tapa magnética para lente, cable HDMI, cable USB-C 3.1, entrada y salida de audio Dante.;Microfonos;<10;2746132.61;0.21;0;0.3;4319666.592;0;0;https://todomusica.com.ar/30525-large_default/img.jpg;https://todomusica.com.ar/30524-large_default/img.jpg; https://todomusica.com.ar/30525-large_default/img.jpg; https://todomusica.com.ar/30526-large_default/img.jpg; https://todomusica.com.ar/30527-large_default/img.jpg;;
5585;SENNHEISER;TCC M-F-W;Kit TCC M-F para montaje empotrado de micrófono de techo | Incluye Micrófono de techo TeamConnect Ceiling Medium, placa frontal (blanca o negra), Kit de montaje empotrado, Placa de cubierta de caja de conexión plenum Chicago, Plantillas de perforación, Conector Phoenix, Cuerda de seguridad, Kit de suspensión.;Microfonos;<10;7377038.73;0.21;0;0.3;11604081.92;0;0;https://todomusica.com.ar/30523-large_default/img.jpg;https://todomusica.com.ar/30522-large_default/img.jpg; https://todomusica.com.ar/30523-large_default/img.jpg;0;0;;
5585;SENNHEISER;TCC2;TeamConnect Ceiling 2 | blanco | micrófono de techo con formación de haz, dos salidas de audio Dante y una analógica | alimentado por PoE;Microfonos;<10;9473012.55;0.21;0;0.3;14901048.75;0;0;https://todomusica.com.ar/30519-large_default/img.jpg;https://todomusica.com.ar/30517-large_default/img.jpg; https://todomusica.com.ar/30518-large_default/img.jpg; https://todomusica.com.ar/30519-large_default/img.jpg;0;;
5585;SENNHEISER;XS 1;Micrófono | De mano | Dinámico | Cardioide | Conector XLR | Pipeta MZQ 1 y  pouch de transporte;Microfonos;>10;125913.79;0.21;0;0.3;198062.395;0.2;0.2;https://todomusica.com.ar/30678-large_default/img.jpg;https://todomusica.com.ar/30678-large_default/img.jpg;0;0;0;;MAS_VENDIDO
5585;SENNHEISER;XSW IEM SET (A);Sistema de monitoreo In Ear | 1 XSW IEM SR | 1 XSW IEM EK | auriculares IE4 | accesorio para montaje en rack XSW | fuente de alimentación NT 12-5 CW | 2 pilas AA | Rango de Frecuencia A (476 - 500 mHz);"Monitores de Oido; Auriculares";>10;1266145.04;0.21;0;0.3;1991646.146;0.2;0.2;https://todomusica.com.ar/30705-large_default/img.jpg;https://todomusica.com.ar/30705-large_default/img.jpg;0;0;0;;
5585;SENNHEISER;XSW 1-CI1-A;Sistema Inalámbrico | P/ Instrumentos | 1 EM XSW 1 | 1 SK XSW | fuente de alimentación NT 12-5 CW | Cable de instrumento CI 1 | Fr A (548 - 572 mHz);Microfonos;>10;632015.64;0.21;0;0.3;994160.599;0.2;0.2;https://todomusica.com.ar/30971-large_default/img.jpg;https://todomusica.com.ar/30690-large_default/img.jpg; https://todomusica.com.ar/30691-large_default/img.jpg; https://todomusica.com.ar/30971-large_default/img.jpg; https://todomusica.com.ar/30972-large_default/img.jpg;;
5585;SENNHEISER;XSW 1-ME2-A;Sistema Inalámbrico | Corbatero | 1 EM XSW 1 | 1 SK XSW | 1 micrófono ME 2-II  | Condensador | Omnidireccional | fuente de alimentación NT 12-5 CW. Rango de Fr A (548 - 572 mHz);Microfonos;>10;801116.81;0.21;0;0.3;1260156.739;0.2;0.2;https://todomusica.com.ar/30692-large_default/img.jpg;https://todomusica.com.ar/30692-large_default/img.jpg;0;0;0;;MAS_VENDIDO
5585;SENNHEISER;XSW 1-ME3-A;Sistema Inalámbrico | Vincha | 1 EM XSW 1 | 1 SK XSW | Micrófono vincha ME 3-II  |Condensador | Cardioide | Fuente de alimentación NT 12-5 CW. Rango de fr A (548 - 572 mHz);Microfonos;>10;843392.1;0.21;0;0.3;1326655.773;0.2;0.2;https://todomusica.com.ar/30694-large_default/img.jpg;https://todomusica.com.ar/30693-large_default/img.jpg; https://todomusica.com.ar/30694-large_default/img.jpg;0;0;;MAS_VENDIDO
5585;SENNHEISER;XSW 1-825 DUAL-A;Sistema Inalámbrico | Dual P/ Voces | 2 Transmisores SKM825-XSW con interruptor de muteo y cápsulas E825 | 1 Receptor EM-XSW 1 dual con antenas internas | 2 pipetas MZQ1 | fuente de alimentación y 4 pilas AA. Fr. A (548-572 mHz);Microfonos;>10;1266145.04;0.21;0;0.3;1991646.146;0.2;0.2;https://todomusica.com.ar/30657-large_default/img.jpg;https://todomusica.com.ar/30657-large_default/img.jpg;0;0;0;;MAS_VENDIDO
5585;SENNHEISER;XSW 1-825-A;Sistema Inalámbrico | P/ Voces | 1 Transmisor SKM825-XSW | 1 fuente de alimentación NT 12-5 CW |1 pipeta MZQ1 | Frecuencia A (548 - 572 mHz);Microfonos;>10;632015.64;0.21;0;0.3;994160.599;0.2;0.2;https://todomusica.com.ar/30656-large_default/img.jpg;https://todomusica.com.ar/30655-large_default/img.jpg; https://todomusica.com.ar/30656-large_default/img.jpg;0;0;;MAS_VENDIDO
5585;SENNHEISER;XSW 1-835-A;Sistema Inalámbrico | P/ Voces | 1 Transmisor SKM835-XSW |  1 receptor EM XSW 1 | 1 fuente de alimentación NT 12-5 CW | 1 pipeta MZQ1 | Fr A (548 - 572 mHz);Microfonos;>10;737703.86;0.21;0;0.3;1160408.174;0.2;0.2;https://todomusica.com.ar/30689-large_default/img.jpg;https://todomusica.com.ar/30689-large_default/img.jpg;0;0;0;;MAS_VENDIDO
5585;SENNHEISER;XSW 2-CI1-A;Sistema inalámbrico | De instrumento | 1 EM XSW 2 | 1 SK XSW | fuente de alimentación NT 12-5 CW | Cable de instrumento CI 1 | adaptador de montaje en rack GA 1 XSW | Rango de fr A (548 - 572 mHz).;Microfonos;>10;843392.1;0.21;0;0.3;1326655.773;0.2;0.2;https://todomusica.com.ar/30699-large_default/img.jpg;https://todomusica.com.ar/30699-large_default/img.jpg; https://todomusica.com.ar/30700-large_default/img.jpg;0;0;;
5585;SENNHEISER;XSW 2-ME2-A;Sistema Inalámbrico | Corbatero | 1 EM XSW 2 | 1 SK XSW|  Micrófono ME 2-II | Condensador | Omnidireccional | fuente de alimentación NT 12-5 CW | Rango de fr A (548 - 572 mHz);Microfonos;>10;1012493.28;0.21;0;0.3;1592651.925;0.2;0.2;https://todomusica.com.ar/30702-large_default/img.jpg;https://todomusica.com.ar/30701-large_default/img.jpg; https://todomusica.com.ar/30702-large_default/img.jpg;0;0;;
5585;SENNHEISER;XSW 2-ME3-A;Sistema Inalámbrico | Vincha | 1 EM XSW 2 | 1 SK XSW | Micrófono vincha ME 3-II | Condensador | Cardioide | Fuente de alimentación NT 12-5 CW | Rango de Fr. A (548 - 572 mHz);Microfonos;>10;1054768.57;0.21;0;0.3;1659150.959;0.2;0.2;https://todomusica.com.ar/30704-large_default/img.jpg;https://todomusica.com.ar/30703-large_default/img.jpg; https://todomusica.com.ar/30704-large_default/img.jpg;0;0;;
5585;SENNHEISER;XSW 2-835-A;Sistema Inalámbrico | De mano | 1 EM XSW2 | 1 SKM 835 XSW | Fuente de alimentación NT 12-5 CW | Pipeta MZQ 1 |  adaptador de montaje en rack GA 1 XSW 2 | Rango de fr A (548 - 572 mHz);Microfonos;>10;949080.35;0.21;0;0.3;1492903.397;0.2;0.2;https://todomusica.com.ar/30696-large_default/img.jpg;https://todomusica.com.ar/30695-large_default/img.jpg; https://todomusica.com.ar/30696-large_default/img.jpg;0;0;;
5585;SENNHEISER;XSW 2-865-A;Sistema Inalámbrico | De mano | 1 EM XSW2 | 1 SKM 865 XSW | fuente de alimentación NT 12-5 CW | pipeta MZQ 1 |  adaptador de montaje en rack GA 1 XSW 2 | Rango de fr A (548 - 572 mHz);Microfonos;<10;1054768.57;0.21;0;0.3;1659150.959;0.2;0.2;https://todomusica.com.ar/30697-large_default/img.jpg;https://todomusica.com.ar/30697-large_default/img.jpg; https://todomusica.com.ar/30698-large_default/img.jpg;0;0;;MAS_VENDIDO
5585;SENNHEISER;XSW-D INSTRUMENT BASE SET;Sistema Base |  P/ Instrumento | 1 XSW-D (transmisor para instrumento) | 1 XSW -D (Receptor de instrumento) | 1 clip para cinturón | 1 cable de audio | 1 cable para carga USB;Microfonos;>10;798980.22;0.21;0;0.3;1256795.891;0.2;0.2;https://todomusica.com.ar/30706-large_default/img.jpg;https://todomusica.com.ar/30706-large_default/img.jpg;0;0;0;;
5585;SENNHEISER;XSW-D PEDALBOARD SET;Sistema inalámbrico | p/Guitarra/Bajo | Transmisor XSW-D Plug | Receptor Pedal c/Afinador | c/bat recargable x USB | Cable para carga;Microfonos;<10;913447.3;0.21;0;0.3;1436852.603;0.2;0.2;https://todomusica.com.ar/31864-large_default/img.jpg;https://todomusica.com.ar/31864-large_default/img.jpg;0;0;0;;INGRESANDO
5585;SENNHEISER;XSW-D VOCAL SET;Sistema inalámbrico | P/ voces | 1 mic XS1 | 1 transmisor XSW-D macho | 1 receptor XSW-D hembra | 1 pipeta para micrófono | 1 cable de carga USB;Microfonos;>10;913447.3;0.21;0;0.3;1436852.603;0.2;0.2;https://todomusica.com.ar/30709-large_default/img.jpg;https://todomusica.com.ar/30709-large_default/img.jpg;0;0;0;;
5585;SENNHEISER;XSW-D XLR BASE SET;Sistema base | XLR | 1 transmisor XSW-D Hembra | 1 receptor XSW-D macho | 1 cable de carga USB;Microfonos;<10;798980.22;0.21;0;0.3;1256795.891;0.2;0.2;https://todomusica.com.ar/30707-large_default/img.jpg;https://todomusica.com.ar/30707-large_default/img.jpg;0;0;0;;
5585;SENNHEISER;3-PACK E 604;Pack | 3 micrófonos | De instrumento | E604 (Dinámico, Cardioide) |3 pipetas MZH 604 y 3 pouch de transporte;Microfonos;>10;843392.1;0.21;0;0.3;1326655.773;0;0;https://todomusica.com.ar/30661-large_default/img.jpg;https://todomusica.com.ar/30661-large_default/img.jpg;0;0;0;;
5585;SENNHEISER;3-PACK e 835;Pack | 3 micrófonos | De mano | E835 (Dinámico, Cardioide) | 3 pipetas MZH 800 y 3 pouch de transporte;Microfonos;>10;596613.6;0.21;0;0.3;938473.193;0;0;https://todomusica.com.ar/30663-large_default/img.jpg;https://todomusica.com.ar/30663-large_default/img.jpg;0;0;0;;INGRESANDO|MAS_VENDIDO
5585;SENNHEISER;3-PACK E 835-S;Pack | 3 micrófonos | De mano | E835-S (Dinámico, Cardioide) | 3 pipetas MZH 800 y 3 pouch de transporte;Microfonos;>10;596613.6;0.21;0;0.3;938473.193;0;0;https://todomusica.com.ar/30662-large_default/img.jpg;https://todomusica.com.ar/30662-large_default/img.jpg;0;0;0;;INGRESANDO|MAS_VENDIDO
;ZILDJIAN;O5A;Palillos | 5A | Punta Madera | ONIIX SERIES;Palillos y Escobillas;>10;7966.08;0.21;0;0.45;13976.492;0.2;0.2;https://todomusica.com.ar/25660-large_default/img.jpg;https://todomusica.com.ar/25660-large_default/img.jpg;0;0;0;;DIA_NINO|OFERTA|MAS_VENDIDO
;ZILDJIAN;ZKEYCHAIN;Llavero | Mini platillo dorado;Accesorios de Baterias;>10;24666.43;0.21;0;0.45;43277.247;0;0;https://todomusica.com.ar/28506-large_default/img.jpg;https://todomusica.com.ar/28506-large_default/img.jpg;0;0;0;;DIA_NINO|OFERTA|MAS_VENDIDO
;ZILDJIAN;ZXEP0012;Tapones para oido | Reducción 20dB de audio sin modificar EQ  de audio original |Estuche metalico de guardado;Accesorios de Baterias;>10;32912.38;0.21;0;0.45;57744.77;0;0;https://todomusica.com.ar/26261-large_default/img.jpg;https://todomusica.com.ar/26261-large_default/img.jpg; https://todomusica.com.ar/26262-large_default/img.jpg; https://todomusica.com.ar/26263-large_default/img.jpg;0;;DIA_NINO|OFERTA|MAS_VENDIDO
;ZILDJIAN;ZXAP0040;Set de 2 Bolsas para accesorios, llaves, mouse, etc | c: BLK;Fundas y Estuches;>10;37410.16;0.21;0;0.45;65636.123;0;0;https://todomusica.com.ar/31923-large_default/img.jpg;https://todomusica.com.ar/31922-large_default/img.jpg; https://todomusica.com.ar/31923-large_default/img.jpg;0;0;;DIA_NINO|OFERTA
;ZILDJIAN;ZXPPGAL06;"Pad de Practica | 06"" | Silicona con base MDF | Reverso de goma antideslizante | Galaxy 
 
";Accesorios de Baterias;<10;40158.81;0.21;0;0.45;70458.627;0;0;https://todomusica.com.ar/28514-large_default/img.jpg;https://todomusica.com.ar/28514-large_default/img.jpg; https://todomusica.com.ar/28515-large_default/img.jpg; https://todomusica.com.ar/28520-large_default/img.jpg;0;;DIA_NINO|OFERTA
;ZILDJIAN;ZXGL0012;Guantes para baterista | Tamaño Medium;Accesorios de Baterias;<10;43728.48;0.21;0;0.45;76721.623;0;0;https://todomusica.com.ar/26264-large_default/img.jpg;https://todomusica.com.ar/26264-large_default/img.jpg;0;0;0;;DIA_NINO|OFERTA
;ZILDJIAN;ZXBP00102;"Mochila  | Con funda para palillos  desmontable | Nylon 600D impermeable | Black Rain Cloud 
";Fundas y Estuches;<10;112373.26;0.21;0;0.45;197158.888;0;0;https://todomusica.com.ar/28457-large_default/img.jpg;https://todomusica.com.ar/28456-large_default/img.jpg; https://todomusica.com.ar/28457-large_default/img.jpg; https://todomusica.com.ar/28458-large_default/img.jpg; https://todomusica.com.ar/28459-large_default/img.jpg;;DIA_NINO|OFERTA
;KNIGHT;JB918-GR;Pandereta media luna pequeña, 4 sonajas 4.5” x 5.5” Verde;Percusion;>10;2737.34;0.21;0;0.45;4802.659;0;0;https://todomusica.com.ar/23756-large_default/img.jpg;https://todomusica.com.ar/15189-large_default/img.jpg; https://todomusica.com.ar/23755-large_default/img.jpg; https://todomusica.com.ar/23756-large_default/img.jpg;0;;DIA_NINO|OFERTA|MAS_VENDIDO
;KNIGHT;JB904;"Pandereta | 4""| 10cm| Sin parche | Madera | Sonajas";Percusion;>10;4086.73;0.21;0;0.45;7170.17;0;0;https://todomusica.com.ar/19035-large_default/img.jpg;https://todomusica.com.ar/19035-large_default/img.jpg;0;0;0;;DIA_NINO|OFERTA
;KNIGHT;JB900BK;"Pandereta | ½ Luna | 8 sonajas | Con empuñadura | Negra 
 
";Percusion;>10;10602.37;0.21;0;0.45;18601.862;0;0;https://todomusica.com.ar/23767-large_default/img.jpg;https://todomusica.com.ar/15089-large_default/img.jpg; https://todomusica.com.ar/23766-large_default/img.jpg; https://todomusica.com.ar/23767-large_default/img.jpg;0;;DIA_NINO|OFERTA|MAS_VENDIDO
;KNIGHT;TH8C;Metalofon, base madera;Percusion;>10;17156.57;0.21;0;0.45;30101.206;0;0;https://todomusica.com.ar/15146-large_default/img.jpg;https://todomusica.com.ar/15146-large_default/img.jpg;0;0;0;;DIA_NINO|OFERTA
;KNIGHT;JB016;Metalofon | Glockenspil |  8 notas Diatonic |  infantil | sapito;Percusion;>10;20240.89;0.21;0;0.45;35512.641;0;0;https://todomusica.com.ar/15946-large_default/img.jpg;https://todomusica.com.ar/15946-large_default/img.jpg;0;0;0;;DIA_NINO|OFERTA
;KNIGHT;JB2015-2;Xilofón multicolor | 12 notas Diatonic | Multicolor;Percusion;>10;23132.43;0.21;0;0.45;40585.844;0;0;https://todomusica.com.ar/15091-large_default/img.jpg;https://todomusica.com.ar/15091-large_default/img.jpg;0;0;0;;DIA_NINO|OFERTA
;KNIGHT;JB565;Set de percusión p/niños | 4 instrumentos | Pandereta+Maracas+Cascabeles+Glokenspil | c/funda;Percusion;>10;38554.06;0.21;0;0.45;67643.102;0;0;https://todomusica.com.ar/15117-large_default/img.jpg;https://todomusica.com.ar/15117-large_default/img.jpg;0;0;0;;DIA_NINO|OFERTA
;KNIGHT;TL25S;Metalofon, 25 notas en colores doble linea, c/estuche;Percusion;>10;40481.77;0.21;0;0.45;71025.27;0;0;https://todomusica.com.ar/15143-large_default/img.jpg;https://todomusica.com.ar/15143-large_default/img.jpg; https://todomusica.com.ar/25627-large_default/img.jpg;0;0;;DIA_NINO|OFERTA
;KNIGHT;JB550;Set de percusion | p/niños | 10 instr | Marac+Pand+Tambour+huevos+Flauta+TocToc;Percusion;>10;57831.1;0.21;0;0.45;101464.671;0;0;https://todomusica.com.ar/15053-large_default/img.jpg;https://todomusica.com.ar/15053-large_default/img.jpg;0;0;0;;DIA_NINO|OFERTA
;KNIGHT;JB1002;Set de percusion | p/niños | t/Valija | 8 instrumentos;Percusion;>10;93041.81;0.21;0;0.45;163241.85;0;0;https://todomusica.com.ar/15115-large_default/img.jpg;https://todomusica.com.ar/15114-large_default/img.jpg; https://todomusica.com.ar/15115-large_default/img.jpg;0;0;;DIA_NINO|OFERTA
;REMO ASIA;TA-9110-14;"Tambourin  |  10""  |  Aro de Acousticon  | Parche sintetico |  Hilera sonajas simple  |  Terminacion Manos rezando";Percusion;>10;43136.6;0.21;0;0.45;75683.165;0;0;https://todomusica.com.ar/23791-large_default/img.jpg;https://todomusica.com.ar/14048-large_default/img.jpg; https://todomusica.com.ar/23791-large_default/img.jpg;0;0;;DIA_NINO|OFERTA
;REMO ASIA;TA-4108-43;"Tambourin |  08""  | Aro de Acousticon Negro | Parche sintetico | Hilera sonajas simple |Efecto Hilo Prizmatic";Percusion;>10;43564.65;0.21;0;0.45;76434.175;0;0;https://todomusica.com.ar/18175-large_default/img.jpg;https://todomusica.com.ar/18175-large_default/img.jpg; https://todomusica.com.ar/23804-large_default/img.jpg;0;0;;DIA_NINO|OFERTA
;REMO ASIA;BG-5300-70;"Bongo  |  6"" + 7""  | Parche Fiberskyn preafinado  |  Aros de Acousticon  | Terminacion Black";Percusion;>10;67101.26;0.21;0;0.45;117729.164;0;0;https://todomusica.com.ar/23797-large_default/img.jpg;https://todomusica.com.ar/15186-large_default/img.jpg; https://todomusica.com.ar/23794-large_default/img.jpg; https://todomusica.com.ar/23797-large_default/img.jpg;0;;DIA_NINO|OFERTA
;REMO ASIA;SSAHFK01;Sound Shapes Varios Kit de |  Kit de percusion Pros Series;Percusion;>10;340336.01;0.21;0;0.45;597119.524;0;0;https://todomusica.com.ar/15164-large_default/img.jpg;https://todomusica.com.ar/15164-large_default/img.jpg;0;0;0;;DIA_NINO|OFERTA
;THUNDER;JBJ1043-BK THU;"Batería | Para niños | 3 cuerpos | Bombo 14"" x 10"" | Tom 8"" x 6"" | Redoblante 10"" x 5"" | c/Banqueta | c/Pedal | C: Negro";Baterias Acusticas;>10;173493.29;0.21;0;0.45;304393.977;0;0;0;0;0;0;0;;DIA_NINO|OFERTA
;THUNDER;JBJ1044-WR THU;"Bateria | Para niño | 3 cuerpos | bombo 12""x10 | 6T | T:  8"" | Red 8""  | Plato 8"" | color:  Bordo";Baterias Acusticas;>10;134939.23;0.21;0;0.45;236750.875;0;0;https://todomusica.com.ar/6222-large_default/img.jpg;https://todomusica.com.ar/6222-large_default/img.jpg;0;0;0;;DIA_NINO|OFERTA|MAS_VENDIDO
;THUNDER;JBJ1046-MB THU;"Batería | Para niños | 5 cuerpos | c/Platillos 8HH+10CR | Bombo 16"" x 11"" | Toms 12"" x 10"", 10"" x 6"", 8"" x 6"" | Redoblante 10"" x 5"" | c: M. Blue 
";Baterias Acusticas;>10;254456.82;0.21;0;0.45;446444.492;0;0;;;;;;;DIA_NINO|OFERTA|MAS_VENDIDO
;THUNDER;JBP2211A-WR THU;"Bateria | 5 cuerpos | c/ 5 Fierros: Sop HH + Sop Platillo Recto + Sop Redo + Pedal Bombo + Banqueta. Acabado Negro | c/Platillos 14HH + 16CR | Bombo 22"" x 16"" | Toms 10"" x 8"", 12"" x 9"", TF 16"" x 16"" | Redoblante 14"" x 5"" | Herrajes Negros | Color Red Sparkle";Baterias Acusticas;>10;393251.46;0.21;0;0.45;689959.69;0;0;https://todomusica.com.ar/30995-large_default/img.jpg;https://todomusica.com.ar/30995-large_default/img.jpg;0;0;0;;DIA_NINO|OFERTA|MAS_VENDIDO
;THUNDER;JBS-601 THU;"Bongo de madera, cuerpo maciso 6"" + 7"", tensor fino, aro recto  
";Percusion;>10;52047.98;0.21;0;0.45;91318.18;0;0;;;;;;;DIA_NINO|OFERTA|MAS_VENDIDO
;THUNDER;JBSH2-1ZJ;"Congas | set | 11"" + 12"" | color madera c/sop";Percusion;>10;540261.1;0.21;0;0.45;947888.094;0;0;https://todomusica.com.ar/15127-large_default/img.jpg;https://todomusica.com.ar/15127-large_default/img.jpg;0;0;0;;DIA_NINO|OFERTA
;THUNDER;PA THU;Mazo | p/pedal de Bombo | De felpa | Doble cara | Con memoria;Accesorios de Baterias;>10;4973.48;0.21;0;0.45;8725.976;0;0;https://todomusica.com.ar/31336-large_default/img.jpg;https://todomusica.com.ar/31336-large_default/img.jpg;0;0;0;;DIA_NINO|OFERTA|MAS_VENDIDO
;THUNDER;SH38-1;Guiro | torpedo con peine;Percusion;>10;31999.87;0.21;0;0.45;56143.77;0;0;https://todomusica.com.ar/15123-large_default/img.jpg;https://todomusica.com.ar/15123-large_default/img.jpg;0;0;0;;DIA_NINO|OFERTA|MAS_VENDIDO
;TEXAS;CG40-BLS;Guitarra Clasica | 4/4 | Tapa Tilo | Aro y fondo Tilo | Puente TechnicalWood | c/Alma | c: Blue Sunburst;Guitarras Clasicas;>10;79376.09;0.21;0;0.45;139265.349;0;0;https://todomusica.com.ar/31370-large_default/img.jpg;https://todomusica.com.ar/31369-large_default/img.jpg; https://todomusica.com.ar/31370-large_default/img.jpg;0;0;;DIA_NINO|OFERTA|MAS_VENDIDO
;TEXAS;AGM1-3TS;Guitarra Acustica | Cuerpo Concert | Tapa Tilo | Aro y fondo Tilo | Clavijas Die-Cast Cromadas | Cenefa | Color 3T Sunburst MATE;Guitarras Acusticas;>10;94810.34;0.21;0;0.45;166344.738;0;0;https://todomusica.com.ar/31328-large_default/img.jpg;https://todomusica.com.ar/31327-large_default/img.jpg; https://todomusica.com.ar/31328-large_default/img.jpg;0;0;;DIA_NINO|OFERTA|MAS_VENDIDO
;TEXAS;AG15-BK;Guitarra Acustica | Cuerpo Auditorium | Tapa Tilo | Aro y fondo Tilo | Puente y Trastera TechnicalWood | Clavijas Die-Cast Cromadas | Cenefa | Color Negro;Guitarras Acusticas;>10;132293.49;0.21;0;0.45;232108.928;0;0;https://todomusica.com.ar/31321-large_default/img.jpg;https://todomusica.com.ar/31321-large_default/img.jpg; https://todomusica.com.ar/31322-large_default/img.jpg;0;0;;DIA_NINO|OFERTA
;TEXAS;AG15-LC5-NS;Guitarra Electroacustica | Cuerpo Auditorium | Tapa Tilo | Aro y fondo Tilo | Puente y Trastera TechnicalWood | Clavijas Die-Cast Cromadas | Cenefa | EQ 4 vias | Color Natural Sunburst;Guitarras Acusticas;>10;173216.28;0.21;0;0.45;303907.968;0;0;https://todomusica.com.ar/31266-large_default/img.jpg;https://todomusica.com.ar/31266-large_default/img.jpg; https://todomusica.com.ar/31267-large_default/img.jpg; https://todomusica.com.ar/31268-large_default/img.jpg; https://todomusica.com.ar/31269-large_default/img.jpg;;DIA_NINO|OFERTA|MAS_VENDIDO
;TEXAS;L-G1M-3TS TEX;Guitarra  Electrica | Tipo STR | Roasted Maple | Trastera TechWood | Cuerpo Sycamore | 3 mics SSS | 22 trastes | Tremolo | 3T SUNBURST;Guitarras Electricas;>10;180635.89;0.21;0;0.45;316925.668;0;0;https://todomusica.com.ar/31419-large_default/img.jpg;https://todomusica.com.ar/31416-large_default/img.jpg; https://todomusica.com.ar/31417-large_default/img.jpg; https://todomusica.com.ar/31418-large_default/img.jpg; https://todomusica.com.ar/31419-large_default/img.jpg;;DIA_NINO|OFERTA
;TEXAS;UG30-300T-NAT TEX;Guitarlele electroacustico  | Cuerdas de Nylon | 3 bandas EQ | Afinador | Cuerpo de Sapela |Funda acolchada |;Guitarras Clasicas;>10;188734.65;0.21;0;0.45;331134.94;0;0;https://todomusica.com.ar/14390-large_default/img.jpg;https://todomusica.com.ar/14390-large_default/img.jpg;0;0;0;;DIA_NINO|OFERTA
;TEXAS;G-B1-4-3TS TEX;Bajo Electrico 4C | Tipo PB | Roasted Maple | Trastera TechWood | Cuerpo Sycamore | 1 mic PB | 20 trastes | 3T SUNBURST;Bajos Electricos;>10;204511.17;0.21;0;0.45;358814.852;0;0;https://todomusica.com.ar/31445-large_default/img.jpg;https://todomusica.com.ar/31445-large_default/img.jpg;0;0;0;;DIA_NINO|OFERTA
;MAHALO;MC1ALggn;Ukelele | Soprano | ALIEN | Sengon | Diap Caoba | Enc. Aquila | pte. Caoba | Funda | Brilla en la oscuridad | Verde resplandor;Guitarras Clasicas;>10;69451.26;0.21;0;0.45;121852.239;0;0;https://todomusica.com.ar/14590-large_default/img.jpg;https://todomusica.com.ar/14590-large_default/img.jpg; https://todomusica.com.ar/14591-large_default/img.jpg; https://todomusica.com.ar/14592-large_default/img.jpg;0;;DIA_NINO|OFERTA|MAS_VENDIDO
;HEIMOND;ST-104;Acordeon Infantil - ACORDEON-8 BAJOS - 17 MINITECLAS;Instrumentos de Viento;>10;78713.48;0.21;0;0.45;138102.806;0;0;;;;;;;DIA_NINO|OFERTA|MAS_VENDIDO
;FRANCENTE;M2000G;Acordeón a Piano | MINI |  22Teclas | 8 Bajos | con correa y funda | c: ROJA ;Instrumentos de Viento;>10;434081.15;0.21;0;0.45;761595.381;0;0;;;;;;;DIA_NINO|OFERTA|MAS_VENDIDO
;FRANCENTE;M2000P;"Acordeón a Piano | MINI |  22Teclas | 8 Bajos | con correa y funda | c:  
";Instrumentos de Viento;>10;334033.74;0.21;0;0.45;586062.193;0;0;;;;;;;DIA_NINO|OFERTA|MAS_VENDIDO
;CORELLI;NHC2108(P GC) BK;Acordeon | a Botonera | 21 tonos | 8 Bajos | Con Correa | Estuche | Negra;Instrumentos de Viento;>10;703989.56;0.21;0;0.45;1235149.681;0;0;https://todomusica.com.ar/19191-large_default/img.jpg;https://todomusica.com.ar/19191-large_default/img.jpg;0;0;0;;DIA_NINO|OFERTA|MAS_VENDIDO
;CORELLI;NHC2108(P GC) BL;Acordeon | a Botonera | 21 tonos | 8 Bajos | Con Correa | Estuche | Azul;Instrumentos de Viento;>10;703989.56;0.21;0;0.45;1235149.681;0;0;https://todomusica.com.ar/19192-large_default/img.jpg;https://todomusica.com.ar/19192-large_default/img.jpg;0;0;0;;DIA_NINO|OFERTA|MAS_VENDIDO
;CORELLI;NHC2108(P GC) RD;Acordeon | a Botonera | 21 tonos | 8 Bajos | Con Correa | Estuche | Roja;Instrumentos de Viento;>10;703989.56;0.21;0;0.45;1235149.681;0;0;https://todomusica.com.ar/19141-large_default/img.jpg;https://todomusica.com.ar/19141-large_default/img.jpg;0;0;0;;DIA_NINO|OFERTA|MAS_VENDIDO
;ALPHA THETA;DDJ-FLX2;DJ CONTOLLER | Smart Controlador | DJ | 2 Chs | USB X 1 | ctrol de platos 2 | Bluetooth | Hot Cues 8 | Fader Start | Loop Manual | Pad FX | Transition FX | Streaming Compatible;DJ;>10;365944.86;0.105;0;0;404369.07;0.2;0.2;https://todomusica.com.ar/29264-large_default/img.jpg;https://todomusica.com.ar/29264-large_default/img.jpg; https://todomusica.com.ar/29265-large_default/img.jpg; https://todomusica.com.ar/29266-large_default/img.jpg; https://todomusica.com.ar/29267-large_default/img.jpg;;DIA_NINO|OFERTA|MAS_VENDIDO
;SAMSON;SR350;Auricular de Estudio | Cerrado | Dr 35mm | FR 20Hz - 20kHz | ideal multimedia/game | diadema ajustable |;"Monitores de Oido; Auriculares";>10;29874.56;0.21;0;0.4;50607.5;0;0;https://todomusica.com.ar/13355-large_default/img.jpg;https://todomusica.com.ar/13355-large_default/img.jpg; https://todomusica.com.ar/13356-large_default/img.jpg; https://todomusica.com.ar/13357-large_default/img.jpg;0;;DIA_NINO|OFERTA|MAS_VENDIDO
;SAMSON;SR450;"Auricular de Estudio | On-Ear | Dr 40mm | FR 20Hz - 20kHz | Acolchado de cuero proteico | Adaptador de 1/4 ""incluido";"Monitores de Oido; Auriculares";>10;46115.9;0.21;0;0.4;78120.335;0;0;https://todomusica.com.ar/21433-large_default/img.jpg;https://todomusica.com.ar/21430-large_default/img.jpg; https://todomusica.com.ar/21431-large_default/img.jpg; https://todomusica.com.ar/21432-large_default/img.jpg; https://todomusica.com.ar/21433-large_default/img.jpg;;DIA_NINO|OFERTA
;SAMSON;SR550;"Auricular de Estudio | Over-Hear | Dr 40mm | FR 20Hz - 20kHz | Premiun | Refuerzo de graves | Acolchado de cuero proteico | Adaptador de 1/4 ""incluido";"Monitores de Oido; Auriculares";>10;55339.08;0.21;0;0.4;93744.399;0.1;0.1;https://todomusica.com.ar/20237-large_default/img.jpg;https://todomusica.com.ar/20237-large_default/img.jpg; https://todomusica.com.ar/20238-large_default/img.jpg; https://todomusica.com.ar/20239-large_default/img.jpg;0;;DIA_NINO|OFERTA|MAS_VENDIDO
;SENNHEISER;HD 200 PRO;Auricular | Stereo Dinámico | 32? | Cerrado| supraaural| cable de 3m | plug 3.5mm | adaptador a 6.3mm incluído.;"Monitores de Oido; Auriculares";>10;168925.02;0.21;0;0.3;265719.061;0.2;0.2;https://todomusica.com.ar/30628-large_default/img.jpg;https://todomusica.com.ar/30628-large_default/img.jpg;0;0;0;;DIA_NINO|OFERTA|MAS_VENDIDO
;MAONO;PD300X;Micrófono | Dinámico | Cardioide | USB-C y XLR | Reducción de ruido | 24-bit/192 kHz | 40 Hz – 16 kHz | Ganancia ajustable | Monitoreo;Microfonos;<10;138758.52;0.21;0;0.45;243451.819;0;0;https://todomusica.com.ar/30205-large_default/img.jpg;https://todomusica.com.ar/30205-large_default/img.jpg; https://todomusica.com.ar/30206-large_default/img.jpg;0;0;;DIA_NINO|OFERTA|MAS_VENDIDO
;SAMSON;GMM2;Go Mic | Transmisor inalambrico (2)  de solapa | p/Celular | p/Creadores de contenido /Camarografos / noteros | 25 horas de carga con estuche;Microfonos;>10;423589.37;0.21;0;0.4;717560.395;0.3;0.3;https://todomusica.com.ar/31455-large_default/img.jpg;https://todomusica.com.ar/31455-large_default/img.jpg; https://todomusica.com.ar/31456-large_default/img.jpg; https://todomusica.com.ar/31457-large_default/img.jpg;0;;DIA_NINO|OFERTA
;ORBILUX;F-601B;Aro de Luz de 5 Pulgadas | Soporte Multifuncional | Potencia 10W | Alimentación USB (DC 5V 2A) | Temperatura de Color 3000-5800K;Iluminacion;>10;12539.78;0.21;0;0.4;21242.385;0;0;;;;;;;DIA_NINO|OFERTA|MAS_VENDIDO
;ORBILUX;F-619;Aro de Luz con Brazo Articulado (Cantilever) | Potencia 7W | Alimentación USB (DC 5V 2A) | Temperatura de Color 3000-6500K;Iluminacion;>10;31440.86;0.21;0;0.4;53260.812;0;0;;;;;;;DIA_NINO|OFERTA|MAS_VENDIDO
;ORBILUX;F-539A;Aro de Luz LED | c/Soporte Para Teléfono | Base Redonda | Potencia 10W | Alimentación USB (DC 5V 2A) | Temperatura de Color 3300-6000K;Iluminacion;>10;36193.55;0.21;0;0.4;61311.874;0;0;;;;;;;DIA_NINO|OFERTA|MAS_VENDIDO
;ORBILUX;F-539B;Aro de Luz LED | c/Trípode de 170cm | Potencia 10W | Alimentación USB (DC 5V 2A) | Temperatura de Color 3300-6000K;Iluminacion;>10;38752.68;0.21;0;0.4;65647.038;0;0;;;;;;;DIA_NINO|OFERTA|MAS_VENDIDO
;MAONO;AU-AM100;Mixer Podcast AM100 | 2 canales | XLR -PLUG | USB-C | Entrada celular  | Preamplificador de alta calidad | Sound FX |  Grabar y transmitir en vivo | Aplicación Intuitiva;Consolas, Mixers y Potencias;>10;359744.31;0.105;0;0.45;576400.321;0.2;0.2;https://todomusica.com.ar/23040-large_default/img.jpg;https://todomusica.com.ar/23038-large_default/img.jpg; https://todomusica.com.ar/23039-large_default/img.jpg; https://todomusica.com.ar/23040-large_default/img.jpg; https://todomusica.com.ar/23041-large_default/img.jpg;;DIA_NINO|OFERTA
;MAONO;AU-AM200;Mixer Podcast AM200 | 2 canales | Minipug | USB-C | 3 salidas miniplug celular | Salida miniplug parlante | Preamplificador de alta calidad | Sound FX |  Grabar y transmitir en vivo | Aplicación Intuitiva;Consolas, Mixers y Potencias;>10;136923.08;0.105;0;0.45;219385.009;0;0;https://todomusica.com.ar/23042-large_default/img.jpg;https://todomusica.com.ar/23042-large_default/img.jpg; https://todomusica.com.ar/23043-large_default/img.jpg; https://todomusica.com.ar/23050-large_default/img.jpg; https://todomusica.com.ar/23051-large_default/img.jpg;;DIA_NINO|OFERTA
;MAONO;E2 GEN2;Mixer | para podcast/streaming | Bluetooth / USB-C / XLR / AUX / | p/Instrumento | reverb / auto‑tune / pitch-shift | Pads integrados;Consolas, Mixers y Potencias;>10;183543.02;0.105;0;0.45;294081.805;0;0;https://todomusica.com.ar/30203-large_default/img.jpg;https://todomusica.com.ar/30203-large_default/img.jpg;0;0;0;;DIA_NINO|OFERTA|MAS_VENDIDO
5596;SEETRONIC;AI02034H;Rollo de Cable de Microfono para instalación | Balanceado | 100 metros | 3.3mm | 2 x 22 AWG Blindaje de aluminio par trenzado| Negro | Artículo MC0014;Cables y Mangueras de Sonido;>10;97735.04;0.21;0;0.45;171476.13;0.1;0.1;https://todomusica.com.ar/31351-large_default/img.jpg;https://todomusica.com.ar/31351-large_default/img.jpg;0;0;0;SI;
5596;SEETRONIC;CDP;Cobertor | de sellado de goma | para chasis | para jack de alimentacion;Cables y Mangueras de Sonido;>10;1366.665;0.21;0;0.45;2397.815;0.1;0.1;https://todomusica.com.ar/14458-large_default/img.jpg;https://todomusica.com.ar/14458-large_default/img.jpg;0;0;0;SI;
5596;SEETRONIC;CNAC-FDP;Cobertor | de sellado de goma | para montar en chasis | para conector RJ45 | con tapa;Cables y Mangueras de Sonido;>10;1366.665;0.21;0;0.45;2397.815;0.1;0.1;https://todomusica.com.ar/7941-large_default/img.jpg;https://todomusica.com.ar/7941-large_default/img.jpg;0;0;0;SI;
5596;SEETRONIC;CNAC-FPX;Cobertor | de goma | para conector hembra de chasis SAC3FX | (MCx4 | cuadrado | (norma IP65);Cables y Mangueras de Sonido;>10;1034.23;0.21;0;0.45;1814.552;0.1;0.1;https://todomusica.com.ar/7939-large_default/img.jpg;https://todomusica.com.ar/7939-large_default/img.jpg;0;0;0;SI;
5596;SEETRONIC;CNAC-FPX-67;Cobertor | de goma | para conector SAC3FPX-67  | IP 67;Cables y Mangueras de Sonido;>10;2895.85;0.21;0;0.45;5080.766;0.1;0.1;https://todomusica.com.ar/30988-large_default/img.jpg;https://todomusica.com.ar/30988-large_default/img.jpg;0;0;0;SI;
5596;SEETRONIC;CNAC-MPX;Cobertor | de goma | para conector macho de chasis SAC3MX  | (MCx4 | cuadrado | (norma IP65);Cables y Mangueras de Sonido;>10;1034.23;0.21;0;0.45;1814.552;0.1;0.1;https://todomusica.com.ar/7940-large_default/img.jpg;https://todomusica.com.ar/7940-large_default/img.jpg;0;0;0;SI;
5596;SEETRONIC;CNAC-MPX-67;Cobertor | de goma | para conector macho de chasis SAC3MPX-67 | IP 67;Cables y Mangueras de Sonido;>10;2895.85;0.21;0;0.45;5080.766;0.1;0.1;https://todomusica.com.ar/30957-large_default/img.jpg;https://todomusica.com.ar/30957-large_default/img.jpg;0;0;0;SI;
5596;SEETRONIC;Fiber cable;Rollo de Cable Fibra Óptica en Carretel | Protección Militar | 300 metros | 4 Hilos | Mono modo | Conectores LC Dual en 2xSO2M | Vaina Caucho 5 mm | Cableado Parallelo;Cables y Mangueras de Sonido;<10;2106733.03;0.21;0;0.45;3696263.097;0.1;0.1;https://todomusica.com.ar/31348-large_default/img.jpg;https://todomusica.com.ar/31347-large_default/img.jpg; https://todomusica.com.ar/31348-large_default/img.jpg; https://todomusica.com.ar/31349-large_default/img.jpg;0;SI;
5596;SEETRONIC;MC0014;Rollo 100 mts | Cable Balanceado p/Microfono | p/Instalacion | 3.3mm | Negro;Cables y Mangueras de Sonido;>10;86875.59;0.21;0;0.45;152423.228;0.1;0.1;https://todomusica.com.ar/28245-large_default/img.jpg;https://todomusica.com.ar/28245-large_default/img.jpg;0;0;0;SI;
5596;SEETRONIC;MC02022A-S;Rollo 100Mts | Cable para Micrófono | Balanceado | 2x0,22mm²/ Calibre 24 AWG | 6.0 mm | hilo de Algodón | Blindaje Espiralado | PVC | color Negro | Artículo MC0006;Cables y Mangueras de Sonido;>10;135742.37;0.21;0;0.45;238159.992;0.1;0.1;https://todomusica.com.ar/31350-large_default/img.jpg;https://todomusica.com.ar/31350-large_default/img.jpg;0;0;0;SI;
5596;SEETRONIC;MJ3F2C;Conector | XLR-3 | Chasis | Macho| Metalico | Frente cuadrado | Agujero de chasis redondo | Color plateado;Cables y Mangueras de Sonido;>10;2533.87;0.21;0;0.45;4445.673;0.1;0.1;https://todomusica.com.ar/16339-large_default/img.jpg;https://todomusica.com.ar/16339-large_default/img.jpg;0;0;0;SI;MAS_VENDIDO
5596;SEETRONIC;MK3F2C;Conector | XLR-3 | Chasis | Hembra| Metalico | Frente cuadrado | Agujero de chasis redondo | Color plateado;Cables y Mangueras de Sonido;>10;2533.87;0.21;0;0.45;4445.673;0.1;0.1;0;0;0;0;0;SI;MAS_VENDIDO
5596;SEETRONIC;MP2RX;"Conector | Plug | 1/4""mono | metálico Angular 90º | p/cable 4-7mm |C: niquel";Cables y Mangueras de Sonido;>10;3076.85;0.21;0;0.45;5398.33;0.1;0.1;https://todomusica.com.ar/16334-large_default/img.jpg;https://todomusica.com.ar/16334-large_default/img.jpg;0;0;0;SI;
5596;SEETRONIC;MP2X;"Conector | Plug |1/4""  mono | metalico | recto. P/cable 4-7mm | c: Niquel";Cables y Mangueras de Sonido;>10;2425.28;0.21;0;0.45;4255.159;0.1;0.1;https://todomusica.com.ar/25263-large_default/img.jpg;https://todomusica.com.ar/25263-large_default/img.jpg;0;0;0;SI;INGRESANDO|MAS_VENDIDO
5596;SEETRONIC;MP2X-BG;"Conector | Plug  1/4""| mono | metalico contacto dorado| recto. P/cable 4-7mm | Color negro 
";Cables y Mangueras de Sonido;>10;2823.46;0.21;0;0.45;4953.764;0.1;0.1;https://todomusica.com.ar/26203-large_default/img.jpg;https://todomusica.com.ar/26203-large_default/img.jpg;0;0;0;SI;
5596;SEETRONIC;MP3-MJF;"Adaptador | De Plug 1/4"" TRS estéreo a Mini plug 3.5"" TRS estéreo |  
Base plastica";Cables y Mangueras de Sonido;>10;4351.54;0.21;0;0.45;7634.773;0.1;0.1;https://todomusica.com.ar/28305-large_default/img.jpg;https://todomusica.com.ar/28304-large_default/img.jpg; https://todomusica.com.ar/28305-large_default/img.jpg;0;0;SI;
5596;SEETRONIC;MP3RX;"Conector | Plug 1/4""| stereo | metalico |Angular | P/cable 4-7mm | c: Silver";Cables y Mangueras de Sonido;>10;3437.35;0.21;0;0.45;6030.834;0.1;0.1;https://todomusica.com.ar/31428-large_default/img.jpg;https://todomusica.com.ar/31428-large_default/img.jpg;0;0;0;SI;
5596;SEETRONIC;MP3X-B;"Conector | Plug 1/4""| stereo | metalico | recto | P/cable 4-7mm | c: Negro";Cables y Mangueras de Sonido;>10;2579.68;0.21;0;0.45;4526.053;0.1;0.1;https://todomusica.com.ar/25268-large_default/img.jpg;https://todomusica.com.ar/25268-large_default/img.jpg;0;0;0;SI;MAS_VENDIDO
5596;SEETRONIC;MP3-2PM;"Adaptador | De 2 Plug 1/4"" TS mono a Mini plug 3.5"" TRS estéreo  
";Cables y Mangueras de Sonido;>10;4936.61;0.21;0;0.45;8661.277;0.1;0.1;https://todomusica.com.ar/28246-large_default/img.jpg;https://todomusica.com.ar/28246-large_default/img.jpg; https://todomusica.com.ar/28247-large_default/img.jpg;0;0;SI;
5596;SEETRONIC;MTP3C;Conector | Mini plug 3.5mm| estereo | metalico con union de goma a cable 3.5-6.5mm | c: Niquel;Cables y Mangueras de Sonido;>10;2533.87;0.21;0;0.45;4445.673;0.1;0.1;https://todomusica.com.ar/25266-large_default/img.jpg;https://todomusica.com.ar/25266-large_default/img.jpg;0;0;0;SI;MAS_VENDIDO
5596;SEETRONIC;MTP3C-BG;Conector | Mini plug 3.5mm| estereo | metalico Dorado con union de goma a cable 3.5-6.5mm | c: Negro;Cables y Mangueras de Sonido;>10;2823.46;0.21;0;0.45;4953.764;0.1;0.1;https://todomusica.com.ar/25270-large_default/img.jpg;https://todomusica.com.ar/25270-large_default/img.jpg;0;0;0;SI;MAS_VENDIDO
5596;SEETRONIC;MT380;Conector | RCA | Macho |Metalico | profesional  | Contactos dorados|Cable 3.5 -6.5MM | c: Negro;Cables y Mangueras de Sonido;>10;2389.08;0.21;0;0.45;4191.646;0.1;0.1;https://todomusica.com.ar/25267-large_default/img.jpg;https://todomusica.com.ar/25267-large_default/img.jpg;0;0;0;SI;MAS_VENDIDO
5596;SEETRONIC;SAC3FCA;Conector | Powercon | a cable - IN/entrada| c/ traba | 20A/250V AC |Color azul;Cables y Mangueras de Sonido;>10;7855;0.21;0;0.45;13781.598;0.1;0.1;https://todomusica.com.ar/7944-large_default/img.jpg;https://todomusica.com.ar/7944-large_default/img.jpg;0;0;0;SI;MAS_VENDIDO
5596;SEETRONIC;SAC3FCA-N-W;Conector  CA| Powercon | a cable - IN/entrada| c/ traba | 20A/250V AC |C: Amarillo | IP65;Cables y Mangueras de Sonido;>10;9158.13;0.21;0;0.45;16067.941;0.1;0.1;https://todomusica.com.ar/30423-large_default/img.jpg;https://todomusica.com.ar/30423-large_default/img.jpg;0;0;0;SI;
5596;SEETRONIC;SAC3FCB;Conector | Powercon | a cable -OUT - LINK | c/ traba | 20A/250V AC |Color Blanca;Cables y Mangueras de Sonido;>10;7855;0.21;0;0.45;13781.598;0.1;0.1;https://todomusica.com.ar/7945-large_default/img.jpg;https://todomusica.com.ar/7945-large_default/img.jpg;0;0;0;SI;MAS_VENDIDO
5596;SEETRONIC;SAC3FPX;"Conector | Powercon | Outdoor IP65 | Chasis  - IN |16A/250V Ac | Color: Negro 
";Cables y Mangueras de Sonido;>10;5212.54;0.21;0;0.45;9145.398;0.1;0.1;https://todomusica.com.ar/7946-large_default/img.jpg;https://todomusica.com.ar/7946-large_default/img.jpg;0;0;0;SI;
5596;SEETRONIC;SAC3FPX-20;"Conector | Powercon | Chasis  - IN -Hembra | Tamano D | Outdoor IP65  |  CN; 16 A VDE (20 A UL) |  combina con SAC3MX | Color: Negro  
 
";Cables y Mangueras de Sonido;<10;7022.45;0.21;0;0.45;12320.886;0.1;0.1;https://todomusica.com.ar/29385-large_default/img.jpg;https://todomusica.com.ar/29384-large_default/img.jpg; https://todomusica.com.ar/29385-large_default/img.jpg;0;0;SI;
5596;SEETRONIC;SAC3FPX-67;"Conector | Powercon | Chasis  - IN -Hembra | Tamano D | Outdoor IP67  |  CN; 16 A VDE (20 A UL) |  combina con SAC3MX | Color: Negro 
"" 
 
";Cables y Mangueras de Sonido;>10;7565.41;0.21;0;0.45;13273.506;0.1;0.1;https://todomusica.com.ar/29812-large_default/img.jpg;https://todomusica.com.ar/29812-large_default/img.jpg; https://todomusica.com.ar/29813-large_default/img.jpg;0;0;SI;
5596;SEETRONIC;SAC3FX;Conector | Powercon True1| Outdoor IP65 | Cable - IN |16A/250V Ac | Color: Negro;Cables y Mangueras de Sonido;>10;10569.86;0.21;0;0.45;18544.823;0.1;0.1;https://todomusica.com.ar/31593-large_default/img.jpg;https://todomusica.com.ar/31593-large_default/img.jpg;0;0;0;SI;MAS_VENDIDO
5596;SEETRONIC;SAC3FX-67;Conector | Powercon True1| Outdoor IP67 | Cable - IN |16A/250V Ac | Color: Negro;Cables y Mangueras de Sonido;>10;12396.4;0.21;0;0.45;21749.484;0.1;0.1;https://todomusica.com.ar/30421-large_default/img.jpg;https://todomusica.com.ar/30421-large_default/img.jpg; https://todomusica.com.ar/30422-large_default/img.jpg;0;0;SI;
5596;SEETRONIC;SAC3MCA-N-W;"Conector Hembra  CA| Powercon | a cable - IN/entrada| c/ traba | 20A/250V AC |C: Amarillo | IP65 | Combina con el modelo SAC3FCA-N-W | 
";Cables y Mangueras de Sonido;>10;13139.93;0.21;0;0.45;23054.009;0.1;0.1;https://todomusica.com.ar/30424-large_default/img.jpg;https://todomusica.com.ar/30424-large_default/img.jpg;0;0;0;SI;
5596;SEETRONIC;SAC3MM;Adaptador | prolongador de powercom azul a blanco;Cables y Mangueras de Sonido;>10;18576.31;0.21;0;0.45;32592.137;0.1;0.1;https://todomusica.com.ar/7948-large_default/img.jpg;https://todomusica.com.ar/7948-large_default/img.jpg;0;0;0;SI;
5596;SEETRONIC;SAC3MMA;Prolongador | de Powercon | Color azul;Cables y Mangueras de Sonido;>10;25449.52;0.21;0;0.45;44651.178;0.1;0.1;https://todomusica.com.ar/7949-large_default/img.jpg;https://todomusica.com.ar/7949-large_default/img.jpg;0;0;0;SI;
5596;SEETRONIC;SAC3MMB;Prolongador | de Powercon | Color blanco;Cables y Mangueras de Sonido;>10;25449.52;0.21;0;0.45;44651.178;0.1;0.1;https://todomusica.com.ar/7950-large_default/img.jpg;https://todomusica.com.ar/7950-large_default/img.jpg;0;0;0;SI;
5596;SEETRONIC;SAC3MPA;Conector PowerCon|Conector p/ AC|Hembra chasis | 3 pines|Entrada| 20A|250v|Color azul | (Cuadrado);Cables y Mangueras de Sonido;>10;3800.81;0.21;0;0.45;6668.516;0.1;0.1;https://todomusica.com.ar/7951-large_default/img.jpg;https://todomusica.com.ar/7951-large_default/img.jpg;0;0;0;SI;INGRESANDO
5596;SEETRONIC;SAC3MPB;PowerCon | Conector p/ AC|Hembra chasis | 3 pines|Salida| 20A|250v|Color Blanco | (Cuadrado);Cables y Mangueras de Sonido;>10;3800.81;0.21;0;0.45;6668.516;0.1;0.1;https://todomusica.com.ar/7952-large_default/img.jpg;https://todomusica.com.ar/7952-large_default/img.jpg;0;0;0;SI;INGRESANDO
5596;SEETRONIC;SAC3MPX;"Conector | Powercon | Outdoor IP65 | Chasis  - OUT |16A/250V Ac | Color: Negro 
 
";Cables y Mangueras de Sonido;>10;4705.76;0.21;0;0.45;8256.254;0.1;0.1;https://todomusica.com.ar/7953-large_default/img.jpg;https://todomusica.com.ar/7953-large_default/img.jpg;0;0;0;SI;
5596;SEETRONIC;SAC3MPX-67;"Conector | Powercon | Outdoor IP67 | Chasis  - OUT |16A/250V Ac | Color: Negro 
  
"" 
";Cables y Mangueras de Sonido;>10;7565.41;0.21;0;0.45;13273.506;0.1;0.1;https://todomusica.com.ar/30113-large_default/img.jpg;https://todomusica.com.ar/30113-large_default/img.jpg; https://todomusica.com.ar/30114-large_default/img.jpg;0;0;SI;
5596;SEETRONIC;SAC3MX;Conector | Powercon | Outdoor IP65 | Cable - OUT |16A/250V Ac | Color: Negro |;Cables y Mangueras de Sonido;>10;10569.86;0.21;0;0.45;18544.823;0.1;0.1;https://todomusica.com.ar/7954-large_default/img.jpg;https://todomusica.com.ar/7954-large_default/img.jpg;0;0;0;SI;
5596;SEETRONIC;SAC3MX-67;Conector | Powercon | Outdoor IP67 | Cable - OUT |16A/250V Ac | Color: Negro;Cables y Mangueras de Sonido;>10;12271.17;0.21;0;0.45;21529.772;0.1;0.1;https://todomusica.com.ar/30426-large_default/img.jpg;https://todomusica.com.ar/30425-large_default/img.jpg; https://todomusica.com.ar/30426-large_default/img.jpg;0;0;SI;
5596;SEETRONIC;SCADF5-V;Conector | XLR-5 | Chasis | Hembra | Metalico | Frente redondo | Agujero de chasis redondo | Montaje Vertical |Cromado |;Cables y Mangueras de Sonido;>10;4090.39;0.21;0;0.45;7176.595;0.1;0.1;https://todomusica.com.ar/30787-large_default/img.jpg;https://todomusica.com.ar/30787-large_default/img.jpg;0;0;0;SI;
5596;SEETRONIC;SCADM5-V;"Conector | XLR-5 | Chasis | Macho | Metalico | Frente redondo | Agujero de chasis redondo | Cromado | 
";Cables y Mangueras de Sonido;>10;3837;0.21;0;0.45;6732.017;0.1;0.1;https://todomusica.com.ar/30786-large_default/img.jpg;https://todomusica.com.ar/30786-large_default/img.jpg;0;0;0;SI;
5596;SEETRONIC;SCBDF3-V;"Conector | XLR-3 | Chasis | Hembra | Plastico | Frente redondo | Agujero de chasis redondo | Montaje Vertical |Color negro  
"" 
";Cables y Mangueras de Sonido;>10;1938.08;0.21;0;0.45;3400.366;0.1;0.1;https://todomusica.com.ar/28249-large_default/img.jpg;https://todomusica.com.ar/28249-large_default/img.jpg;0;0;0;SI;
5596;SEETRONIC;SCBDM3-V;"Conector | XLR-3 | Chasis | Macho| Plastico | Frente redondo | Agujero de chasis redondo | Montaje Vertical |Color negro 
";Cables y Mangueras de Sonido;>10;1628.92;0.21;0;0.45;2857.935;0.1;0.1;https://todomusica.com.ar/28340-large_default/img.jpg;https://todomusica.com.ar/28340-large_default/img.jpg;0;0;0;SI;
5596;SEETRONIC;SCDX;Discont -Cobertor | p/Etherkon | p/Panel | color Negro | (MCx10);Cables y Mangueras de Sonido;>10;1366.665;0.21;0;0.45;2397.813;0.1;0.1;https://todomusica.com.ar/26748-large_default/img.jpg;https://todomusica.com.ar/26748-large_default/img.jpg; https://todomusica.com.ar/26749-large_default/img.jpg;0;0;SI;
5596;SEETRONIC;SCHF3;"Conector | XLR-3 |Hembra  Cable | Metalico Acer Inox | Alta Durabilidad | Contactos Dorados |p/cable 3.5-6mm | c: Cromado 
";Cables y Mangueras de Sonido;>10;5248.74;0.21;0;0.45;9208.911;0.1;0.1;https://todomusica.com.ar/29817-large_default/img.jpg;https://todomusica.com.ar/29817-large_default/img.jpg; https://todomusica.com.ar/29818-large_default/img.jpg; https://todomusica.com.ar/29819-large_default/img.jpg;0;SI;
5596;SEETRONIC;SCHM3;"Conector | XLR-3 |Macho Cable | Metalico Acer Inox | Alta Durabilidad | Contactos Dorados |p/cable 3.5-6mm | c: Cromado 
";Cables y Mangueras de Sonido;>10;5248.74;0.21;0;0.45;9208.911;0.1;0.1;https://todomusica.com.ar/29814-large_default/img.jpg;https://todomusica.com.ar/29814-large_default/img.jpg; https://todomusica.com.ar/29815-large_default/img.jpg; https://todomusica.com.ar/29816-large_default/img.jpg;0;SI;
5596;SEETRONIC;SCSF3;Conector | XLR-3 |Hembra Cable | Metalico | p/cable 3.5-6mm | c: Niquel;Cables y Mangueras de Sonido;>10;2316.68;0.21;0;0.45;4064.62;0.1;0.1;https://todomusica.com.ar/31444-large_default/img.jpg;https://todomusica.com.ar/31444-large_default/img.jpg;0;0;0;SI;INGRESANDO|MAS_VENDIDO
5596;SEETRONIC;SCSF3-BG;"Conector | XLR-3 |Hembra Cable | Metalico | Contactos Dorados |p/cable 3.5-6mm | c: Negro 
";Cables y Mangueras de Sonido;>10;2932.05;0.21;0;0.45;5144.279;0.1;0.1;https://todomusica.com.ar/25265-large_default/img.jpg;https://todomusica.com.ar/25265-large_default/img.jpg;0;0;0;SI;INGRESANDO|MAS_VENDIDO
5596;SEETRONIC;SCSF5-B;Conector XLR -5| Hembra | 5 pin | Black  | ;Cables y Mangueras de Sonido;>10;3221.63;0.21;0;0.45;5652.346;0.1;0.1;https://todomusica.com.ar/30785-large_default/img.jpg;https://todomusica.com.ar/30785-large_default/img.jpg;0;0;0;SI;
5596;SEETRONIC;SCSM3;"Conector | XLR-3 |Macho Cable | Metalico | p/cable 3.5-6mm | c: Niquel 
";Cables y Mangueras de Sonido;>10;2316.68;0.21;0;0.45;4064.62;0.1;0.1;https://todomusica.com.ar/25262-large_default/img.jpg;https://todomusica.com.ar/25262-large_default/img.jpg;0;0;0;SI;INGRESANDO|MAS_VENDIDO
5596;SEETRONIC;SCSM3-BG;"Conector | XLR-3 |Macho Cable | Metalico | Contactos Dorados |p/cable 3.5-6mm | c: Negro 
";Cables y Mangueras de Sonido;>10;2932.05;0.21;0;0.45;5144.279;0.1;0.1;https://todomusica.com.ar/25264-large_default/img.jpg;https://todomusica.com.ar/25264-large_default/img.jpg;0;0;0;SI;INGRESANDO|MAS_VENDIDO
5596;SEETRONIC;SCSM5-B;Conector XLR -5| Macho | 5 pin | Black  | ;Cables y Mangueras de Sonido;>10;2895.85;0.21;0;0.45;5080.766;0.1;0.1;https://todomusica.com.ar/30784-large_default/img.jpg;https://todomusica.com.ar/30784-large_default/img.jpg;0;0;0;SI;
5596;SEETRONIC;SCWF3;Conector   IP| XLR-3 | Hembra  Cable Outdoor | IP65 Impermeable | MC x 4 |C:  Negro;Cables y Mangueras de Sonido;>10;4669.56;0.21;0;0.45;8192.741;0.1;0.1;https://todomusica.com.ar/25271-large_default/img.jpg;https://todomusica.com.ar/25271-large_default/img.jpg;0;0;0;SI;
5596;SEETRONIC;SCWM3;Conector IP | XLR-3 |Macho Cable | Metalico | p/cable 3.5-6mm | c: Niquel ;Cables y Mangueras de Sonido;>10;4102.92;0.21;0;0.45;7198.568;0.1;0.1;https://todomusica.com.ar/31910-large_default/img.jpg;https://todomusica.com.ar/31910-large_default/img.jpg;0;0;0;SI;INGRESANDO
5596;SEETRONIC;SEE-BACKPACK;MOCHILA SEETRONIC;Cables y Mangueras de Sonido;>10;110810.7;0.21;0;0.45;194417.367;0.1;0.1;;;;;;SI;
5596;SEETRONIC;SEE-DISPLAY;DISPLAY SEETRONIC;Cables y Mangueras de Sonido;<10;18468.45;0.21;0;0.45;32402.893;0.1;0.1;;;;;;SI;INGRESANDO
5596;SEETRONIC;SEE-FIBER SAMPLE;FIBER SAMPLE;Cables y Mangueras de Sonido;<10;18525;0.21;0;0.45;32502.113;0.1;0.1;;;;;;SI;INGRESANDO
5596;SEETRONIC;SE8FBH;Conector Chasis | RJ45 | Metalico | Con traba | PCB montaje Horizontal | Con panel metalico | Instalación por detrás del panel;Cables y Mangueras de Sonido;>10;8180.78;0.21;0;0.45;14353.177;0.1;0.1;https://todomusica.com.ar/30115-large_default/img.jpg;https://todomusica.com.ar/30115-large_default/img.jpg; https://todomusica.com.ar/30116-large_default/img.jpg;0;0;SI;
5596;SEETRONIC;SE8FC-05-30-LOD-C6A;Conector de cable RJ45 hembra | Ethernet | Clasificación de protección IP65 | Diametro exterior del cable 7.5 a 9 mm | cumple con CAT6A | carcasa cromada | PoE++;Cables y Mangueras de Sonido;>10;18099.08;0.21;0;0.45;31754.841;0.1;0.1;https://todomusica.com.ar/30111-large_default/img.jpg;https://todomusica.com.ar/30111-large_default/img.jpg; https://todomusica.com.ar/30112-large_default/img.jpg;0;0;SI;
5596;SEETRONIC;SE8FD;Kit | para convertir chasis CAT 5 en IP54;Cables y Mangueras de Sonido;>10;3509.01;0.21;0;0.45;6156.553;0.1;0.1;https://todomusica.com.ar/14459-large_default/img.jpg;https://todomusica.com.ar/14459-large_default/img.jpg;0;0;0;SI;
5596;SEETRONIC;SE8FDP;"Conector Chasis | RJ45 | metalico | CAT 5 |  Con traba | La parte trasera es un conector RJ45 pasante 
";Cables y Mangueras de Sonido;>10;12981.47;0.21;0;0.45;22775.987;0.1;0.1;https://todomusica.com.ar/14466-large_default/img.jpg;https://todomusica.com.ar/14466-large_default/img.jpg;0;0;0;SI;INGRESANDO
5596;SEETRONIC;SE8FDY-H-C6;"Conector Chasis | RJ45 | metalico | CAT 6 | Sin traba | Accesorio opcional IP65: CNAC-FDP  (Tapon de Goma) 
";Cables y Mangueras de Sonido;>10;12927.92;0.21;0;0.45;22682.031;0.1;0.1;https://todomusica.com.ar/14465-large_default/img.jpg;https://todomusica.com.ar/14465-large_default/img.jpg;0;0;0;SI;
5596;SEETRONIC;SE8MC-02;Conector de cable RJ45 | con carcasa metalica cromada | cable de: 5-7mm |Ethernet | IP65 impermeable;Cables y Mangueras de Sonido;>10;3185.44;0.21;0;0.45;5588.857;0.1;0.1;https://todomusica.com.ar/31443-large_default/img.jpg;https://todomusica.com.ar/31443-large_default/img.jpg;0;0;0;SI;INGRESANDO|MAS_VENDIDO
5596;SEETRONIC;SE8MC-05;Conector de cable RJ45 | c/Carcasa metálica cromada | Cable de 5-7mm | Ethernet | IP65 impermeable | c/Calce para la serie 05 Seetronic;Cables y Mangueras de Sonido;>10;6472.45;0.21;0;0.45;11355.911;0.1;0.1;https://todomusica.com.ar/31944-large_default/img.jpg;https://todomusica.com.ar/31944-large_default/img.jpg;0;0;0;SI;
5596;SEETRONIC;SE8MC-1;Conector de cable RJ45 | con carcasa metalica cromada | cable de: 5-7mm |Ethernet | No impermeable;Cables y Mangueras de Sonido;>10;2787.26;0.21;0;0.45;4890.251;0.1;0.1;https://todomusica.com.ar/30404-large_default/img.jpg;https://todomusica.com.ar/30404-large_default/img.jpg;0;0;0;SI;INGRESANDO
5596;SEETRONIC;SE8MC-1-B;Conector de cable RJ45 | con carcasa metalica Negra | cable de: 5-7mm |Ethernet | No impermeable;Cables y Mangueras de Sonido;>10;2787.26;0.21;0;0.45;4890.251;0.1;0.1;https://todomusica.com.ar/30804-large_default/img.jpg;https://todomusica.com.ar/30804-large_default/img.jpg;0;0;0;SI;INGRESANDO
5596;SEETRONIC;SJSDF6H;"Conector | Combo | para chasis | redondo | (xlr+plug 1/4"" St) | Montaje Horizontal | PCB | Instal trasera |";Cables y Mangueras de Sonido;>10;2815.7;0.21;0;0.45;4940.14;0.1;0.1;https://todomusica.com.ar/30827-large_default/img.jpg;https://todomusica.com.ar/30827-large_default/img.jpg;0;0;0;SI;
5596;SEETRONIC;SJSDF6V;"Conector | Combo | para chasis | redondo | (xlr+plug 1/4"" St) | Montaje Vertical | PCB | Instal trasera";Cables y Mangueras de Sonido;>10;2758.82;0.21;0;0.45;4840.351;0.1;0.1;https://todomusica.com.ar/30825-large_default/img.jpg;https://todomusica.com.ar/30825-large_default/img.jpg;0;0;0;SI;
5596;SEETRONIC;SLDF4;"Conector | Speakon | 4 contactos | hembra p/ cable  hasta 6mm |  30A | Carcaza Metalica | Cromado | IP54 | 
";Cables y Mangueras de Sonido;>10;12683.4;0.21;0;0.45;22253.025;0.1;0.1;https://todomusica.com.ar/28250-large_default/img.jpg;https://todomusica.com.ar/28250-large_default/img.jpg;0;0;0;SI;
5596;SEETRONIC;SLDM4;"Conector | Speakon | 4 contactos | Macho p/ cable  hasta 6mm |  aro Azul |30A | Carcaza Metalica | Cromado | IP54 | 
 
";Cables y Mangueras de Sonido;>10;13888.27;0.21;0;0.45;24366.968;0.1;0.1;https://todomusica.com.ar/28251-large_default/img.jpg;https://todomusica.com.ar/28251-large_default/img.jpg;0;0;0;SI;
5596;SEETRONIC;SL4FX-N;Conector | Speakon | 4 contactos | Macho p/ cable | 40 A /rms | p/cable de 7-14,5 mmO.D |  c: AZUL |;Cables y Mangueras de Sonido;>10;3800.81;0.21;0;0.45;6668.516;0.1;0.1;https://todomusica.com.ar/14023-large_default/img.jpg;https://todomusica.com.ar/14023-large_default/img.jpg;0;0;0;SI;INGRESANDO|MAS_VENDIDO
5596;SEETRONIC;SL4MP;Conector | Speakon | 4 contactos | macho p/ chasis | Cuadrado;Cables y Mangueras de Sonido;>10;2389.08;0.21;0;0.45;4191.646;0.1;0.1;https://todomusica.com.ar/7964-large_default/img.jpg;https://todomusica.com.ar/7964-large_default/img.jpg;0;0;0;SI;INGRESANDO|MAS_VENDIDO
5596;SEETRONIC;SOM-SOM-4CH-OM4-5A-150-R-2;Rollo de Cable Fibra Óptica en Carretel | Protección Militar  | 150 metros | 4 Hilos | Multimodo  | Conectores LC Dual en 2xSO2M | Vaina Caucho 5 mm | Cableado Parallelo;Cables y Mangueras de Sonido;<10;1914882.77;0.21;0;0.45;3359661.824;0.1;0.1;https://todomusica.com.ar/31345-large_default/img.jpg;https://todomusica.com.ar/31344-large_default/img.jpg; https://todomusica.com.ar/31345-large_default/img.jpg; https://todomusica.com.ar/31346-large_default/img.jpg;0;SI;
5596;SEETRONIC;SO2DF;2-CHANNEL FIBER OPTIC SOCKET;Cables y Mangueras de Sonido;>10;125995.45;0.21;0;0.45;221059.014;0.1;0.1;0;0;0;0;0;SI;
5596;SEETRONIC;SO2M-SO2M-4CH-SM-5A-150-B-2;Rollo de Cable Fibra Óptica | sin carrete | Protección Militar | 150 metros | 4 Hilos | Mono modo  | Conectores LC Dual en 2xSO2M | Vaina Caucho 5 mm | Cableado Parallelo;Cables y Mangueras de Sonido;>10;1457120.81;0.21;0;0.45;2556518.456;0.1;0.1;https://todomusica.com.ar/31337-large_default/img.jpg;https://todomusica.com.ar/31337-large_default/img.jpg; https://todomusica.com.ar/31338-large_default/img.jpg; https://todomusica.com.ar/31339-large_default/img.jpg;0;SI;
5596;SEETRONIC;SO2M-SO2M-4CH-SM-5A-300-R-2;Rollo de Cable Fibra Óptica en Carretel | Protección Militar | 300 metros | 4 Hilos | Mono modo  | Conectores LC Dual en 2xSO2M | Vaina Caucho 5 mm | Cableado Parallelo;Cables y Mangueras de Sonido;>10;2106733.03;0.21;0;0.45;3696263.097;0.1;0.1;https://todomusica.com.ar/31341-large_default/img.jpg;https://todomusica.com.ar/31063-large_default/img.jpg; https://todomusica.com.ar/31341-large_default/img.jpg; https://todomusica.com.ar/31342-large_default/img.jpg; https://todomusica.com.ar/31343-large_default/img.jpg;SI;
5596;SEETRONIC;ST101;Conector | Mini XLR | 3 pines | (hembra para cable);Cables y Mangueras de Sonido;>10;2844.14;0.21;0;0.45;4990.04;0.1;0.1;https://todomusica.com.ar/28241-large_default/img.jpg;https://todomusica.com.ar/28241-large_default/img.jpg;0;0;0;SI;
5596;SEETRONIC;ST102-4P;Conector | Mini XLR | 4 pines | (macho para cable) ;Cables y Mangueras de Sonido;>10;2844.14;0.21;0;0.45;4990.04;0.1;0.1;https://todomusica.com.ar/28243-large_default/img.jpg;https://todomusica.com.ar/28243-large_default/img.jpg;0;0;0;SI;
5596;SEETRONIC;ST109;Conector | Mini XLR | 3 pines | (macho para chasis);Cables y Mangueras de Sonido;>10;2585.58;0.21;0;0.45;4536.399;0.1;0.1;https://todomusica.com.ar/7970-large_default/img.jpg;https://todomusica.com.ar/7970-large_default/img.jpg;0;0;0;SI;
5596;SEETRONIC;ST201;"Conector |Plug  1/4"" |mono | Metalico |p/cable 4-6mm | c: Niquel";Cables y Mangueras de Sonido;>10;1809.91;0.21;0;0.45;3175.488;0.1;0.1;https://todomusica.com.ar/7971-large_default/img.jpg;https://todomusica.com.ar/7971-large_default/img.jpg;0;0;0;SI;INGRESANDO|MAS_VENDIDO
5596;SEETRONIC;ST202;"Conector | Plug  1/4""| Stereo | Metalico | p/Cable 4-6mm | c: Niquel";Cables y Mangueras de Sonido;>10;2135.69;0.21;0;0.45;3747.068;0.1;0.1;https://todomusica.com.ar/7972-large_default/img.jpg;https://todomusica.com.ar/7972-large_default/img.jpg;0;0;0;SI;INGRESANDO|MAS_VENDIDO
5596;SEETRONIC;ST213;Jack | mono | 1/4 | stereo | plastico | para plaqueta;Cables y Mangueras de Sonido;<10;701.8;0.21;0;0.45;1231.308;0.1;0.1;https://todomusica.com.ar/7973-large_default/img.jpg;https://todomusica.com.ar/7973-large_default/img.jpg;0;0;0;SI;
5596;SEETRONIC;ST229L;Jack | Mono   | 1/4¨ | Metalico abierto para chasis de instr.;Cables y Mangueras de Sonido;>10;3076.85;0.21;0;0.45;5398.33;0.1;0.1;https://todomusica.com.ar/7974-large_default/img.jpg;https://todomusica.com.ar/7974-large_default/img.jpg;0;0;0;SI;INGRESANDO
5596;SEETRONIC;ST230;Jack | Stereo | 1/4¨ | Metalico abierto para chasis de instr.;Cables y Mangueras de Sonido;>10;2461.48;0.21;0;0.45;4318.672;0.1;0.1;https://todomusica.com.ar/7975-large_default/img.jpg;https://todomusica.com.ar/7975-large_default/img.jpg;0;0;0;SI;INGRESANDO
5596;SEETRONIC;ST231L;Conector | Mini plug 3.5mm | Stereo | Metalico | p/cable 2-6mm | c: Niquel;Cables y Mangueras de Sonido;>10;2194.05;0.21;0;0.45;3849.458;0.1;0.1;https://todomusica.com.ar/23874-large_default/img.jpg;https://todomusica.com.ar/16335-large_default/img.jpg; https://todomusica.com.ar/23873-large_default/img.jpg; https://todomusica.com.ar/23874-large_default/img.jpg;0;SI;INGRESANDO
5596;SEETRONIC;ST231L-BG;Conector | Mini plug 3.5mm| Stereo | Metalico Dorado| p/cable 2-6mm | c: Negro;Cables y Mangueras de Sonido;>10;2425.28;0.21;0;0.45;4255.159;0.1;0.1;https://todomusica.com.ar/23875-large_default/img.jpg;https://todomusica.com.ar/16337-large_default/img.jpg; https://todomusica.com.ar/23875-large_default/img.jpg;0;0;SI;INGRESANDO
5596;SEETRONIC;ST352;Conector | RCA | Macho |Metalico | p/cable 3.5-6.5MM |c:Cromado;Cables y Mangueras de Sonido;>10;1846.85;0.21;0;0.45;3240.295;0.1;0.1;https://todomusica.com.ar/7976-large_default/img.jpg;https://todomusica.com.ar/7976-large_default/img.jpg;0;0;0;SI;MAS_VENDIDO
5495;CERVINI;HC-100;Cello | Estudio |  4/4 | Tapa de Abeto  | Cuerpo de Maple | Diap. De Ebano | Pue;Violines y Cellos;>10;524001.44;0.21;0;0.45;919360.529;0;0;https://todomusica.com.ar/19278-large_default/img.jpg;https://todomusica.com.ar/19278-large_default/img.jpg; https://todomusica.com.ar/19279-large_default/img.jpg; https://todomusica.com.ar/26691-large_default/img.jpg; https://todomusica.com.ar/26692-large_default/img.jpg;SI;INGRESANDO|MAS_VENDIDO
5495;CERVINI;"HVA-150 16""";"Viola | Estudio | 16"" | Tapa de Abeto | Cuerpo de Maple | Arco Clasico | Puente Maple | Mentonera de Madera | c/Estuche Semi rigido | Natural";Violines y Cellos;>10;223174.19;0.21;0;0.45;391559.122;0;0;https://todomusica.com.ar/19282-large_default/img.jpg;https://todomusica.com.ar/19280-large_default/img.jpg; https://todomusica.com.ar/19281-large_default/img.jpg; https://todomusica.com.ar/19282-large_default/img.jpg;0;SI;INGRESANDO
5495;CERVINI;HV-100BK;Violin | Estudio | 4/4 | Tapa de Abeto | Cuerpo de Maple | Arco Clasico | Puent;Violines y Cellos;>10;132616.57;0.21;0;0.45;232675.776;0;0;https://todomusica.com.ar/17955-large_default/img.jpg;https://todomusica.com.ar/17953-large_default/img.jpg; https://todomusica.com.ar/17954-large_default/img.jpg; https://todomusica.com.ar/17955-large_default/img.jpg; https://todomusica.com.ar/17957-large_default/img.jpg;SI;INGRESANDO
5495;CERVINI;HV-50;Violin | Estudio | 4/4 | Tapa de Abeto  | Cuerpo de Maple | Arco Clasico | Puente Mapl;Violines y Cellos;>10;111649.52;0.21;0;0.45;195889.078;0;0;https://todomusica.com.ar/19283-large_default/img.jpg;https://todomusica.com.ar/19283-large_default/img.jpg;0;0;0;SI;INGRESANDO|MAS_VENDIDO
5495;CERVINI;HV-50 3/4;Violin | Estudio | 3/4 | Tapa de Abeto  | Cuerpo de Maple | Arco Clasico | Puente M;Violines y Cellos;>10;111649.52;0.21;0;0.45;195889.078;0;0;https://todomusica.com.ar/24612-large_default/img.jpg;https://todomusica.com.ar/24612-large_default/img.jpg;0;0;0;SI;INGRESANDO|MAS_VENDIDO
5495;CREMONA;AB-100;Arco | p/ Violin 4/4 | Estudio |  A. Breton  | Madera Rosewood;Violines y Cellos;>10;19987.46;0.21;0;0.45;35068.002;0;0;https://todomusica.com.ar/26693-large_default/img.jpg;https://todomusica.com.ar/26693-large_default/img.jpg; https://todomusica.com.ar/26694-large_default/img.jpg;0;0;SI;INGRESANDO
5495;CREMONA;AB-116F;Arco | p/ Violin | Estudio |  A. Breton  | 4/4 | Fibra de vidrio de carbono;Violines y Cellos;>10;59231.91;0.21;0;0.45;103922.387;0;0;https://todomusica.com.ar/30174-large_default/img.jpg;https://todomusica.com.ar/30174-large_default/img.jpg; https://todomusica.com.ar/30175-large_default/img.jpg; https://todomusica.com.ar/30176-large_default/img.jpg;0;SI;INGRESANDO
5495;CREMONA;AB-120;Arco | p/ Violin | Estudio |  A. Breton  | 4/4 | Fibra de carbono;Violines y Cellos;>10;83693.46;0.21;0;0.45;146840.179;0;0;https://todomusica.com.ar/29854-large_default/img.jpg;https://todomusica.com.ar/29853-large_default/img.jpg; https://todomusica.com.ar/29854-large_default/img.jpg; https://todomusica.com.ar/29855-large_default/img.jpg; https://todomusica.com.ar/29856-large_default/img.jpg;SI;INGRESANDO|MAS_VENDIDO
5495;CREMONA;CP-3910;Estuche | p/ Violin | Forma rectangular | 4/4 | Carcasa de plástico termoplástico;Fundas y Estuches;>10;125627.55;0.21;0;0.45;220413.54;0;0;https://todomusica.com.ar/29834-large_default/img.jpg;https://todomusica.com.ar/29834-large_default/img.jpg; https://todomusica.com.ar/29835-large_default/img.jpg; https://todomusica.com.ar/29836-large_default/img.jpg; https://todomusica.com.ar/29837-large_default/img.jpg;SI;INGRESANDO|MAS_VENDIDO
5495;CREMONA;C-3907;Estuche | p/ Violin | con forma  | 4/4 | Carcasa de espuma rígida de poliestireno | ;Fundas y Estuches;>10;34770.35;0.21;0;0.45;61004.582;0;0;https://todomusica.com.ar/29838-large_default/img.jpg;https://todomusica.com.ar/29838-large_default/img.jpg; https://todomusica.com.ar/29839-large_default/img.jpg; https://todomusica.com.ar/29840-large_default/img.jpg;0;SI;INGRESANDO|MAS_VENDIDO
5495;CREMONA;SB-2 3/4;Contrabajo | SB2 | 3/4 | Tapa de Pino | Cuerpo de Maple | Acc. Diap. Y afianadores d;Violines y Cellos;>10;1537408.69;0.21;0;0.45;2697383.546;0;0;https://todomusica.com.ar/19314-large_default/img.jpg;https://todomusica.com.ar/19314-large_default/img.jpg;0;0;0;SI;INGRESANDO
5495;CREMONA;SC-175 4/4;Cello | Estudio | 4/4 | Tapa de Pino solido Select | Cuerpo de Maple Flameado | Arc;Violines y Cellos;>10;1642243.92;0.21;0;0.45;2881316.953;0;0;https://todomusica.com.ar/19312-large_default/img.jpg;https://todomusica.com.ar/13894-large_default/img.jpg; https://todomusica.com.ar/19312-large_default/img.jpg;0;0;SI;INGRESANDO
5495;CREMONA;"SVA-100 16""";"Viola | Estudio | 16"" | Tapa  de Abeto Maciza | Cuerpo de Maple | Arco A. Breton";Violines y Cellos;>10;436638.75;0.21;0;0.45;766082.69;0;0;https://todomusica.com.ar/19286-large_default/img.jpg;https://todomusica.com.ar/19286-large_default/img.jpg;0;0;0;SI;INGRESANDO
5495;CREMONA;SV-1240;Violin | Profesional | 4/4 | Tapa de Abeto Maciza | Cuerpo de Maple Flameado | Arco;Violines y Cellos;>10;1065650.16;0.21;0;0.45;1869683.203;0;0;https://todomusica.com.ar/19288-large_default/img.jpg;https://todomusica.com.ar/19287-large_default/img.jpg; https://todomusica.com.ar/19288-large_default/img.jpg;0;0;SI;INGRESANDO
5495;CREMONA;SV-175 4/4;Violin | Premier | 4/4 | Tapa de Pino solido Select | Cuerpo de Maple | Arco J. Lasalle LB;Violines y Cellos;>10;454111.29;0.21;0;0.45;796738.258;0;0;https://todomusica.com.ar/26739-large_default/img.jpg;https://todomusica.com.ar/26739-large_default/img.jpg; https://todomusica.com.ar/26740-large_default/img.jpg; https://todomusica.com.ar/26741-large_default/img.jpg; https://todomusica.com.ar/26742-large_default/img.jpg;SI;INGRESANDO|MAS_VENDIDO
5495;CREMONA;SV-180BKE;Violin eléctrico | Estudio | 4/4 | Tapa de Palo santo | Cuerpo de ébano | Arco de madera | Color Negro;Violines y Cellos;>10;471758.55;0.21;0;0.45;827700.379;0;0;https://todomusica.com.ar/29841-large_default/img.jpg;https://todomusica.com.ar/29841-large_default/img.jpg; https://todomusica.com.ar/29842-large_default/img.jpg; https://todomusica.com.ar/29843-large_default/img.jpg;0;SI;INGRESANDO
5495;CREMONA;SV-180E;Violin eléctrico | Estudio | 4/4 | Tapa de Palo santo | Cuerpo de ébano | Arco de madera;Violines y Cellos;>10;471758.55;0.21;0;0.45;827700.379;0;0;https://todomusica.com.ar/29849-large_default/img.jpg;https://todomusica.com.ar/29849-large_default/img.jpg; https://todomusica.com.ar/29850-large_default/img.jpg; https://todomusica.com.ar/29851-large_default/img.jpg; https://todomusica.com.ar/29852-large_default/img.jpg;SI;INGRESANDO
5495;CREMONA;SV-50;Violin | Estudio | 4/4 | Tapa de Abeto Solido | Cuerpo de Maple | Arco de Rosewood |;Violines y Cellos;>10;150089.12;0.21;0;0.45;263331.356;0;0;https://todomusica.com.ar/19310-large_default/img.jpg;https://todomusica.com.ar/19310-large_default/img.jpg;0;0;0;SI;INGRESANDO|MAS_VENDIDO
5495;CREMONA;SV-50 1/2;Violin | Estudio | 1/2 | Tapa de Abeto Solido | Cuerpo de Maple | Arco de Rosewood | Enc. Tradicional |  c/ Estuche Semi Rigido;Violines y Cellos;>10;150089.12;0.21;0;0.45;263331.356;0;0;https://todomusica.com.ar/24614-large_default/img.jpg;https://todomusica.com.ar/24614-large_default/img.jpg;0;0;0;SI;INGRESANDO
5495;CREMONA;SV-50 3/4;Violin | Estudio | 3/4 | Tapa de Abeto Solido | Cuerpo de Maple | Arco de Rosewood | Enc. Tradicional |  c/ Estuche Semi Rigido;Violines y Cellos;>10;150089.12;0.21;0;0.45;263331.356;0;0;https://todomusica.com.ar/24613-large_default/img.jpg;https://todomusica.com.ar/24613-large_default/img.jpg;0;0;0;SI;INGRESANDO|MAS_VENDIDO
5495;CREMONA;SV-588;Violin | Artist | 4/4 | Tapa de Pino solido Select | Cuerpo de Maple Flameado | Arco A. Breton  AB116 | Enc. Prelude Daddario | c/Estuche Rígido Deluxe;Violines y Cellos;>10;711251.61;0.21;0;0.45;1247890.944;0;0;https://todomusica.com.ar/26743-large_default/img.jpg;https://todomusica.com.ar/26743-large_default/img.jpg; https://todomusica.com.ar/26744-large_default/img.jpg; https://todomusica.com.ar/26745-large_default/img.jpg; https://todomusica.com.ar/26746-large_default/img.jpg;SI;INGRESANDO
5495;CREMONA;SV-75 3/4;Violin | Estudio | 3/4 | Tapa de Pino solido Select | Cuerpo de Maple | Arco A. Breton AB110 | Enc. Prelude Daddario | c/Estuche Semi rigido;Violines y Cellos;>10;233957.3;0.21;0;0.45;410478.077;0;0;https://todomusica.com.ar/13901-large_default/img.jpg;https://todomusica.com.ar/13901-large_default/img.jpg;0;0;0;SI;INGRESANDO
5495;CREMONA;SV-75 4/4;Violin | Estudio | 4/4 | Tapa de Pino solido Select | Cuerpo de Maple | Arco A. Breto;Violines y Cellos;>10;233957.3;0.21;0;0.45;410478.077;0;0;https://todomusica.com.ar/19315-large_default/img.jpg;https://todomusica.com.ar/13864-large_default/img.jpg; https://todomusica.com.ar/19315-large_default/img.jpg;0;0;SI;INGRESANDO|MAS_VENDIDO
5495;CREMONA;SV-800;Violin | Premier Artist | 4/4 | Tapa Abeto Maciza | Cuerpo Maple Flameado | Arco;Violines y Cellos;>10;1222903;0.21;0;0.45;2145583.314;0;0;https://todomusica.com.ar/19291-large_default/img.jpg;https://todomusica.com.ar/19291-large_default/img.jpg; https://todomusica.com.ar/19292-large_default/img.jpg; https://todomusica.com.ar/19293-large_default/img.jpg;0;SI;INGRESANDO
5495;CREMONA;VP-202;Puente | p/ Violin | A. Breton  | Maple | Adaptable p/ cualquier violin de 4/4 a 1/32;Violines y Cellos;>10;4542.85;0.21;0;0.45;7970.427;0;0;https://todomusica.com.ar/19294-large_default/img.jpg;https://todomusica.com.ar/19294-large_default/img.jpg;0;0;0;SI;INGRESANDO
5495;CREMONA;VP-50;Mute | p/ Violin | Anton Breton | 4/4 | Níquel;Violines y Cellos;>10;10308.81;0.21;0;0.45;18086.802;0;0;https://todomusica.com.ar/29847-large_default/img.jpg;https://todomusica.com.ar/29847-large_default/img.jpg; https://todomusica.com.ar/29848-large_default/img.jpg;0;0;SI;INGRESANDO|MAS_VENDIDO
5495;CREMONA;VP-70K;Soporte p/ hombro | p/ Violin | A. Breton  | Standard  | Ajust. en alt. y ancho de 4/4 y 3/4 |  Revestido de espuma.;Violines y Cellos;>10;12516.3;0.21;0;0.45;21959.842;0;0;https://todomusica.com.ar/13865-large_default/img.jpg;https://todomusica.com.ar/13865-large_default/img.jpg;0;0;0;SI;INGRESANDO
5495;CREMONA;VP-70W;Soporte p/ hombro | p/ Violin | A. Breton  | Wolf Style | Ajust. en alt. y ancho de 4/4 y 3/4 | Cuerpo de metal revestido de espuma.;Violines y Cellos;>10;22914.37;0.21;0;0.45;40203.266;0;0;https://todomusica.com.ar/13866-large_default/img.jpg;https://todomusica.com.ar/13866-large_default/img.jpg;0;0;0;SI;INGRESANDO
5495;CERVINI;HC-100 1/2;Cello | Estudio |  1/2 | Tapa de Abeto  | Cuerpo de Maple | Diap. De Ebano | Puen;Violines y Cellos;<10;524001.44;0.21;0;0.45;919360.529;0;0;https://todomusica.com.ar/26687-large_default/img.jpg;https://todomusica.com.ar/26687-large_default/img.jpg; https://todomusica.com.ar/26688-large_default/img.jpg; https://todomusica.com.ar/26689-large_default/img.jpg; https://todomusica.com.ar/26690-large_default/img.jpg;SI;
5495;CERVINI;HC-100 1/4;Cello | Estudio |  1/4 | Tapa de Abeto  | Cuerpo de Maple | Diap. De Ebano | Pue;Violines y Cellos;>10;524001.44;0.21;0;0.45;919360.529;0;0;https://todomusica.com.ar/27141-large_default/img.jpg;https://todomusica.com.ar/27141-large_default/img.jpg; https://todomusica.com.ar/27142-large_default/img.jpg; https://todomusica.com.ar/27143-large_default/img.jpg; https://todomusica.com.ar/27144-large_default/img.jpg;SI;
5495;CERVINI;HV-100;Violin | Estudio | 4/4 | Tapa de Abeto | Cuerpo de Maple | Arco A. Breton | Puente Maple | Mentonera de Madera | c/Estuche Semi rigido | Natural;Violines y Cellos;>10;138448.86;0.21;0;0.45;242908.529;0;0;https://todomusica.com.ar/17935-large_default/img.jpg;https://todomusica.com.ar/17935-large_default/img.jpg; https://todomusica.com.ar/17936-large_default/img.jpg; https://todomusica.com.ar/17937-large_default/img.jpg; https://todomusica.com.ar/17938-large_default/img.jpg;SI;OFERTA|MAS_VENDIDO
5495;CERVINI;HV-100 1/2;Violin | Estudio | 1/2 | Tapa de Abeto | Cuerpo de Maple | Arco Clasico | Pue;Violines y Cellos;>10;125627.55;0.21;0;0.45;220413.54;0;0;https://todomusica.com.ar/17942-large_default/img.jpg;https://todomusica.com.ar/17941-large_default/img.jpg; https://todomusica.com.ar/17942-large_default/img.jpg; https://todomusica.com.ar/17943-large_default/img.jpg; https://todomusica.com.ar/17944-large_default/img.jpg;SI;OFERTA|MAS_VENDIDO
5495;CERVINI;HV-100 1/4;Violin | Estudio | 1/4 | Tapa de Abeto | Cuerpo de Maple | Arco Clasico | Puente Maple | Mentonera de Madera | c/Estuche Semi rigido | Natual;Violines y Cellos;>10;138448.86;0.21;0;0.45;242908.529;0;0;https://todomusica.com.ar/26342-large_default/img.jpg;https://todomusica.com.ar/26342-large_default/img.jpg;0;0;0;SI;OFERTA|MAS_VENDIDO
5495;CERVINI;HV-100 3/4;Violin | Estudio | 3/4 | Tapa de Abeto | Cuerpo de Maple | Arco Clasico | Puente Maple | Mentonera de Madera | c/Estuche Semi rigido | Natural;Violines y Cellos;<10;138448.86;0.21;0;0.45;242908.529;0;0;https://todomusica.com.ar/17949-large_default/img.jpg;https://todomusica.com.ar/17947-large_default/img.jpg; https://todomusica.com.ar/17948-large_default/img.jpg; https://todomusica.com.ar/17949-large_default/img.jpg; https://todomusica.com.ar/17950-large_default/img.jpg;SI;MAS_VENDIDO
5495;CREMONA;AB-100 1/2;Arco | p/ Violin | Estudio |  A. Breton  | 1/2 | Madera Rosewood;Violines y Cellos;>10;18136.5;0.21;0;0.45;31820.483;0;0;https://todomusica.com.ar/26695-large_default/img.jpg;https://todomusica.com.ar/26695-large_default/img.jpg; https://todomusica.com.ar/26696-large_default/img.jpg; https://todomusica.com.ar/26697-large_default/img.jpg; https://todomusica.com.ar/26698-large_default/img.jpg;SI;MAS_VENDIDO
5495;CREMONA;AB-100 1/4;Arco | p/ Violin | Estudio |  A. Breton  | 1/4 | Madera Rosewood;Violines y Cellos;>10;18136.5;0.21;0;0.45;31820.483;0;0;https://todomusica.com.ar/26701-large_default/img.jpg;https://todomusica.com.ar/26701-large_default/img.jpg; https://todomusica.com.ar/26702-large_default/img.jpg; https://todomusica.com.ar/26703-large_default/img.jpg; https://todomusica.com.ar/26704-large_default/img.jpg;SI;
5495;CREMONA;AB-100 3/4;Arco | p/ Violin | Estudio |  A. Breton  | 3/4 | Madera Rosewood;Violines y Cellos;>10;18136.5;0.21;0;0.45;31820.483;0;0;https://todomusica.com.ar/26706-large_default/img.jpg;https://todomusica.com.ar/26706-large_default/img.jpg; https://todomusica.com.ar/26707-large_default/img.jpg; https://todomusica.com.ar/26708-large_default/img.jpg; https://todomusica.com.ar/26709-large_default/img.jpg;SI;MAS_VENDIDO
5495;CREMONA;AB-100C;"Arco | p/ Cello  4/4| A. Breton  | Madera Rosewood 
";Violines y Cellos;>10;32734.72;0.21;0;0.45;57433.061;0;0;https://todomusica.com.ar/26721-large_default/img.jpg;https://todomusica.com.ar/26721-large_default/img.jpg; https://todomusica.com.ar/26722-large_default/img.jpg; https://todomusica.com.ar/26723-large_default/img.jpg; https://todomusica.com.ar/26724-large_default/img.jpg;SI;MAS_VENDIDO
5495;CREMONA;AB-100C 1/2;"Arco | p/ Cello  1/2| A. Breton  | Madera Rosewood 
 
";Violines y Cellos;>10;32734.72;0.21;0;0.45;57433.061;0;0;https://todomusica.com.ar/26726-large_default/img.jpg;https://todomusica.com.ar/26726-large_default/img.jpg; https://todomusica.com.ar/26727-large_default/img.jpg; https://todomusica.com.ar/26728-large_default/img.jpg; https://todomusica.com.ar/26729-large_default/img.jpg;SI;MAS_VENDIDO
5495;CREMONA;AB-100C 3/4;"Arco | p/ Cello  3/4| A. Breton  | Madera Rosewood 
";Violines y Cellos;>10;32734.72;0.21;0;0.45;57433.061;0;0;https://todomusica.com.ar/27108-large_default/img.jpg;https://todomusica.com.ar/27108-large_default/img.jpg; https://todomusica.com.ar/27109-large_default/img.jpg; https://todomusica.com.ar/27110-large_default/img.jpg; https://todomusica.com.ar/27111-large_default/img.jpg;SI;MAS_VENDIDO
5495;CREMONA;AB-100V;"Arco Viola Estudio A.BRETON VIOLA BOW 15""-17""";Violines y Cellos;>10;22914.2;0.21;0;0.45;40202.964;0;0;https://todomusica.com.ar/27853-large_default/img.jpg;https://todomusica.com.ar/27853-large_default/img.jpg;0;0;0;SI;MAS_VENDIDO
5495;CREMONA;LB-20;Arco | p/ Violin | Estudio |  J. Lasalle  | 4/4 | Carbono-Grafito & Pernambuco;Violines y Cellos;<10;179875.37;0.21;0;0.45;315591.341;0;0;https://todomusica.com.ar/26732-large_default/img.jpg;https://todomusica.com.ar/26732-large_default/img.jpg; https://todomusica.com.ar/26733-large_default/img.jpg; https://todomusica.com.ar/26734-large_default/img.jpg; https://todomusica.com.ar/26735-large_default/img.jpg;SI;
5495;CREMONA;LB-20C;Arco | p/ Cello | Estudio |  J. Lasalle  | 4/4 | Carbono-Grafito & Pernambuco;Violines y Cellos;>10;230216.5;0.21;0;0.45;403914.843;0;0;https://todomusica.com.ar/26737-large_default/img.jpg;https://todomusica.com.ar/26737-large_default/img.jpg;0;0;0;SI;
5495;CREMONA;LB-20V;Arco | p/ Viola | Estudio |  J. Lasalle  | 4/4 | Carbono-Grafito & Pernambuco;Violines y Cellos;<10;203110.37;0.21;0;0.45;356357.148;0;0;https://todomusica.com.ar/13897-large_default/img.jpg;https://todomusica.com.ar/13897-large_default/img.jpg;0;0;0;SI;
5495;CREMONA;SB-1 1/2;Contrabajo | SB1 | 1/2 | Tapa de Pino | Cuerpo de Maple | Acc. Diap. Y afianadores;Violines y Cellos;<10;1397628.39;0.21;0;0.45;2452139.016;0;0;https://todomusica.com.ar/26341-large_default/img.jpg;https://todomusica.com.ar/26341-large_default/img.jpg;0;0;0;SI;
5495;CREMONA;SB-1 1/4;Contrabajo | SB1 | 1/4 | Tapa de Pino | Cuerpo de Maple | Acc. Diap. Y afianadores;Violines y Cellos;>10;1397628.39;0.21;0;0.45;2452139.016;0;0;https://todomusica.com.ar/26738-large_default/img.jpg;https://todomusica.com.ar/26738-large_default/img.jpg;0;0;0;SI;
5495;CREMONA;SB-1 3/4;Contrabajo | SB1 | 3/4 | Tapa de Pino | Cuerpo de Maple | Acc. Diap. Y afianadores d;Violines y Cellos;<10;1397628.39;0.21;0;0.45;2452139.016;0;0;https://todomusica.com.ar/19285-large_default/img.jpg;https://todomusica.com.ar/19285-large_default/img.jpg;0;0;0;SI;
5495;CREMONA;SC-175 3/4;Cello | Estudio | 3/4 | Tapa de Pino solido Select | Cuerpo de Maple Flameado | Arco J. Lasalle LB13C | c/Estuche Semi rigido;Violines y Cellos;<10;1637643.28;0.21;0;0.45;2873245.14;0;0;https://todomusica.com.ar/13893-large_default/img.jpg;https://todomusica.com.ar/13893-large_default/img.jpg;0;0;0;SI;
5495;CREMONA;TL-35;Estuche | p/ Violin | Forma rectangular | 4/4 | Carcasa de nailon balístico;Fundas y Estuches;>10;150089.12;0.21;0;0.45;263331.356;0;0;https://todomusica.com.ar/30173-large_default/img.jpg;https://todomusica.com.ar/30173-large_default/img.jpg;0;0;0;SI;
5495;CREMONA;VP-140;Clavijas | p/ Violin | A. Breton  |  Pack x 4u | Classic Ebony;Violines y Cellos;>10;20792.33;0.21;0;0.45;36480.145;0;0;https://todomusica.com.ar/13859-large_default/img.jpg;https://todomusica.com.ar/13859-large_default/img.jpg;0;0;0;SI;MAS_VENDIDO
5495;CREMONA;VP-55;Mute Deluxe | p/ Violin | Anton Breton | 4/4 | Latón;Violines y Cellos;>10;22714.31;0.21;0;0.45;39852.258;0;0;https://todomusica.com.ar/29844-large_default/img.jpg;https://todomusica.com.ar/29844-large_default/img.jpg; https://todomusica.com.ar/29845-large_default/img.jpg; https://todomusica.com.ar/29846-large_default/img.jpg;0;SI;MAS_VENDIDO
